id,name,"model (C=county, D=district, 1=all-up, 3=thirds, etc.)","type (LC=leader&cabinet, etc.)",total,majority,coalition,con,lab,ld,grn,ukip,pc,snp,dup,sf,uup,sdlp,ali,tuv,pup,ind,vacant,boundary,"ons code","start of records (or creation of council)","end of records (or abolition of council)",url,"last update"
406,"City of London",,,0,IND,IND,0,0,0,0,0,0,0,0,0,0,0,0,0,0,0,0,,E09000001,2016,2021,http://democracy.cityoflondon.gov.uk/mgMemberIndex.aspx?FN=PARTY&VW=LIST&PIC=0,2020-03-01
405,"Isles of Scilly",,,16,IND,IND,0,0,0,0,0,0,0,0,0,0,0,0,0,0,16,0,,E06000053,2016,2030,http://committees.scilly.gov.uk/mgMemberIndex.aspx?bcr=1,2021-06-12
1,"Buckinghamshire CC",C1,LC,0,CON,CON,0,0,0,0,0,0,0,0,0,0,0,0,0,0,0,0,"Merged into Bucks UA in 2020.",,2016,2019,https://democracy.buckscc.gov.uk/mgMemberIndex.aspx?FN=GROUPING&VW=TABLE&PIC=1,2020-03-01
2,Cambridgeshire,C1,LC,61,NOC,LD/LAB/IND,28,9,20,0,0,0,0,0,0,0,0,0,0,0,4,0,,,2016,2030,https://cambridgeshire.cmis.uk.com/ccc_live/Councillors.aspx,2021-06-04
3,Cumbria,C1,LC,0,NOC,LAB/LD,0,0,0,0,0,0,0,0,0,0,0,0,0,0,0,0,"Elections to E&W Cumbria in 2022, CC to be abolished in 2023.",,2016,2021,http://councilportal.cumbria.gov.uk/mgMemberIndex.aspx?FN=PARTY&VW=LIST&PIC=0,2022-01-31
4,Derbyshire,C1,LC,64,CON,CON,44,14,4,1,0,0,0,0,0,0,0,0,0,0,1,0,,,2016,2030,http://www.derbyshire.gov.uk/council/councillors/,2022-03-29
5,Devon,C1,LC,60,CON,CON,39,7,9,2,0,0,0,0,0,0,0,0,0,0,3,0,,,2016,2030,http://democracy.devon.gov.uk/mgMemberIndex.aspx?FN=PARTY&VW=LIST&PIC=0,2021-04-01
7,"East Sussex",C1,LC,50,CON,CON,27,5,11,4,0,0,0,0,0,0,0,0,0,0,3,0,,,2016,2030,https://democracy.eastsussex.gov.uk/mgMemberIndex.aspx?FN=PARTY&VW=LIST&PIC=0,2021-04-01
8,Essex,C1,LC,75,CON,CON,52,5,8,1,0,0,0,0,0,0,0,0,0,0,9,0,,,2016,2030,https://cmis.essex.gov.uk/essexcmis5/Councillors.aspx,2022-03-04
9,Gloucestershire,C1,LC,53,CON,CON,27,5,16,4,0,0,0,0,0,0,0,0,0,0,1,0,,,2016,2030,http://glostext.gloucestershire.gov.uk/mgMemberIndex.aspx?FN=WARD&VW=LIST&PIC=0,2022-02-08
10,Hampshire,C1,LC,78,CON,CON,56,3,17,0,0,0,0,0,0,0,0,0,0,0,2,0,,,2016,2030,http://democracy.hants.gov.uk/mgMemberIndex.aspx?bcr=1,2021-04-02
11,Hertfordshire,C1,LC,78,CON,CON,46,7,23,1,0,0,0,0,0,0,0,0,0,0,1,0,,,2016,2030,https://democracy.hertfordshire.gov.uk/mgMemberIndex.aspx?bcr=1,2022-03-27
12,Kent,C1,LC,81,CON,CON,62,7,6,4,0,0,0,0,0,0,0,0,0,0,2,0,,,2016,2030,https://democracy.kent.gov.uk/mgMemberIndex.aspx?FN=WARD&VW=LIST&PIC=0,2022-06-01
13,Lancashire,C1,LC,84,CON,CON,48,32,2,2,0,0,0,0,0,0,0,0,0,0,0,0,,,2016,2030,http://council.lancashire.gov.uk/mgMemberIndex.aspx?FN=PARTY&VW=TABLE&PIC=1,2021-04-01
14,Leicestershire,C1,LC,55,CON,CON,42,4,9,0,0,0,0,0,0,0,0,0,0,0,0,0,,,2016,2030,http://politics.leics.gov.uk/mgMemberIndex.aspx?FN=PARTY&VW=LIST&PIC=0,2021-04-02
15,Lincolnshire,C1,LC,70,CON,CON,54,4,3,0,0,0,0,0,0,0,0,0,0,0,9,0,,,2016,2030,http://lincolnshire.moderngov.co.uk/mgMemberIndex.aspx?FN=PARTY&VW=LIST&PIC=0,2022-05-24
16,Norfolk,C1,LC,84,CON,CON,57,12,9,3,0,0,0,0,0,0,0,0,0,0,3,0,,,2016,2030,http://norfolkcc.cmis.uk.com/norfolkcc/Councillors/tabid/63/ScreenMode/Alphabetical/Default.aspx,2021-07-30
17,"North Yorkshire",C1,LC,0,CON,CON,0,0,0,0,0,0,0,0,0,0,0,0,0,0,0,0,"Elections to new unitary in 2022, CC to be abolished in 2023.",,2016,2021,https://edemocracy.northyorks.gov.uk/mgMemberIndex.aspx?bcr=1,2022-03-29
18,Northamptonshire,C1,LC,0,CON,CON,0,0,0,0,0,0,0,0,0,0,0,0,0,0,0,0,"Merged into West Northants UA in 2021.",,2016,2020,https://cmis.northamptonshire.gov.uk/cmis5live/Councillors/tabid/62/ScreenMode/Alphabetical/Default.aspx,2021-04-01
19,Nottinghamshire,C1,LC,66,CON,CON,35,15,1,0,0,0,0,0,0,0,0,0,0,0,15,0,,,2016,2030,http://www.nottinghamshire.gov.uk/council-and-democracy/councillors/contact-a-councillor,2022-05-25
20,Oxfordshire,C1,LC,63,NOC,LD/LAB/GRN,21,16,21,3,0,0,0,0,0,0,0,0,0,0,2,0,,,2016,2030,http://mycouncil.oxfordshire.gov.uk/mgMemberIndex.aspx?FN=PARTY&VW=TABLE&PIC=1,2021-08-19
21,Somerset,C1,LC,0,CON,CON,0,0,0,0,0,0,0,0,0,0,0,0,0,0,0,0,"Elections to new unitary in 2022, CC to be abolished in 2023.",,2016,2021,https://democracy.somerset.gov.uk/mgMemberIndex.aspx,2022-02-13
22,Staffordshire,C1,LC,62,CON,CON,56,4,0,0,0,0,0,0,0,0,0,0,0,0,2,0,,,2016,2030,http://moderngov.staffordshire.gov.uk/mgMemberIndex.aspx?FN=PARTY&VW=LIST&PIC=0,2022-03-04
23,Suffolk,C1,LC,75,CON,CON,55,5,4,9,0,0,0,0,0,0,0,0,0,0,2,0,,,2016,2030,http://www.suffolk.gov.uk/council-and-democracy/councillors-and-elected-representatives/find-your-councillor/?ward=&party=&name=&action=SEARCH,2021-04-01
24,Surrey,C1,LC,81,CON,CON,47,2,14,2,0,0,0,0,0,0,0,0,0,0,16,0,,,2016,2030,http://mycouncil.surreycc.gov.uk/mgMemberIndex.aspx?VW=TABLE&PIC1=&FN=,2021-02-16
25,Warwickshire,C1,LC,57,CON,CON,41,6,5,3,0,0,0,0,0,0,0,0,0,0,1,1,,,2016,2030,https://democracy.warwickshire.gov.uk/mgMemberIndex.aspx?FN=WARD&VW=TABLE&PIC=1,2022-05-25
26,"West Sussex",C1,LC,70,CON,CON,47,8,11,1,0,0,0,0,0,0,0,0,0,0,2,1,,,2016,2030,https://www.westsussex.gov.uk/location-directories/find-your-councillor/?Keyword=&Location=&politicalParty=,2022-06-01
27,Worcestershire,C1,LC,57,CON,CON,45,3,4,3,0,0,0,0,0,0,0,0,0,0,2,0,,,2016,2030,http://worcestershire.moderngov.co.uk/mgMemberIndex.aspx?FN=PARTY&VW=LIST&PIC=0,2022-01-23
28,Allerdale,D1,LC,0,NOC,IND/CON,0,0,0,0,0,0,0,0,0,0,0,0,0,0,0,0,"New W Cumbria unitary elections in 2022, Allerdale to be abolished 2023.",E07000026,2016,2021,http://democracy.allerdale.gov.uk/mgMemberIndex.aspx?FN=PARTY&VW=LIST&PIC=0,2022-04-07
29,Arun,D1,LC,54,NOC,"CON min",24,1,16,2,0,0,0,0,0,0,0,0,0,0,11,0,,E07000224,2016,2030,https://democracy.arun.gov.uk/mgMemberIndex.aspx?bcr=1,2022-01-23
30,Ashfield,D1,LC,35,IND,IND,3,2,0,0,0,0,0,0,0,0,0,0,0,0,30,0,,E07000170,2016,2030,https://democracy.ashfield.gov.uk/mgMemberIndex.aspx?bcr=1,2022-01-24
31,Ashford,D1,LC,47,NOC,"CON min",23,6,0,4,0,0,0,0,0,0,0,0,0,0,14,0,,E07000105,2016,2030,http://ashford.moderngov.co.uk/mgFindMember.aspx?XXR=0&AC=USERSEARCH&sPC=Enter%20postcode,2022-06-01
32,"Aylesbury Vale",D1,LC,0,CON,CON,0,0,0,0,0,0,0,0,0,0,0,0,0,0,0,0,"Merged into Bucks UA in 2020.",E07000004,2016,2019,http://www.aylesburyvaledc.gov.uk/councillors/?scmOverrideRecord=21R0112Cmk,2020-03-01
33,Babergh,D1,AA,32,NOC,IND/LD/GRN,10,1,3,4,0,0,0,0,0,0,0,0,0,0,14,0,,E07000200,2016,2030,http://baberghmidsuffolk.moderngov.co.uk/mgMemberIndexGroup.aspx?bcr=1&g=bdcc&m=bdccw,2022-05-03
34,Barrow-in-Furness,D1,LC,0,LAB,LAB,0,0,0,0,0,0,0,0,0,0,0,0,0,0,0,0,"New E Cumbria unitary elections in 2022, Barrow to be abolished 2023.",E07000027,2016,2021,https://democracy.barrowbc.gov.uk/mgMemberIndex.aspx?bcr=1,2022-03-29
35,Bassetlaw,D1,LC,48,LAB,LAB,8,34,1,0,0,0,0,0,0,0,0,0,0,0,5,0,,E07000171,2016,2030,https://www.bassetlaw.gov.uk/council-and-democracy/local-councillors/your-local-councillor/,2022-01-23
36,Blaby,D1,LC,39,CON,CON,25,6,6,1,0,0,0,0,0,0,0,0,0,0,1,0,,E07000129,2016,2030,https://w3.blaby.gov.uk/decision-making/mgMemberIndex.aspx?bcr=1,2022-01-24
37,Bolsover,D1,LC,37,LAB,LAB,3,19,0,0,0,0,0,0,0,0,0,0,0,0,15,0,,E07000033,2016,2030,https://committees.bolsover.gov.uk/mgMemberIndex.aspx?FN=WARD&VW=LIST&PIC=0,2021-06-11
38,Boston,D1,LC,30,NOC,"CON min",14,2,0,0,0,0,0,0,0,0,0,0,0,0,14,0,,E07000136,2016,2030,http://moderngov.boston.gov.uk/mgMemberIndex.aspx?FN=GROUPING&VW=LIST&PIC=0,2022-01-23
39,Braintree,D1,LC,49,CON,CON,33,2,0,7,0,0,0,0,0,0,0,0,0,0,7,0,,E07000067,2016,2030,http://braintree.cmis.uk.com/braintree/Councillors.aspx,2022-01-24
40,Breckland,D1,LC,49,CON,CON,36,6,0,2,0,0,0,0,0,0,0,0,0,0,4,1,,E07000143,2016,2030,http://democracy.breckland.gov.uk/mgMemberIndex.aspx?FN=PARTY&VW=LIST&PIC=0,2022-06-22
41,Broadland,D1,LC,47,CON,CON,31,2,12,2,0,0,0,0,0,0,0,0,0,0,0,0,,E07000144,2016,2030,https://www.southnorfolkandbroadland.gov.uk/directory/2/broadland-councillor-directory/category/10,2022-01-24
42,Bromsgrove,D1,LC,31,CON,CON,18,3,3,0,0,0,0,0,0,0,0,0,0,0,7,0,,E07000234,2016,2030,https://moderngovwebpublic.bromsgrove.gov.uk/mgMemberIndex.aspx?bcr=1,2022-01-24
43,Broxtowe,D1,CO,44,NOC,LAB/LD/IND,19,14,7,0,0,0,0,0,0,0,0,0,0,0,4,0,,E07000172,2016,2030,https://democracy.broxtowe.gov.uk/mgMemberIndex.aspx?bcr=1,2022-01-24
44,Canterbury,D1,CO,39,CON,CON,23,9,6,1,0,0,0,0,0,0,0,0,0,0,0,0,,E07000106,2016,2030,http://democracy.canterbury.gov.uk/mgMemberIndex.aspx?bcr=1,2022-01-23
45,Charnwood,D1,LC,52,CON,CON,37,12,0,1,0,0,0,0,0,0,0,0,0,0,2,0,,E07000130,2016,2030,https://charnwood.moderngov.co.uk/mgMemberIndex.aspx?bcr=1,2022-01-21
46,Chelmsford,D1,LC,57,LD,LD,22,0,30,0,0,0,0,0,0,0,0,0,0,0,5,0,,E07000070,2016,2030,https://www.chelmsford.gov.uk/your-council/councillors-and-decision-making/councillors/find-a-councillor/view-chelmsford-city-councillors/?cord=DESC&cid=50eeb79d-c47e-472c-a05d-49a3d5c8792b&p=1,2022-05-25
47,Chesterfield,D1,LC,48,LAB,LAB,0,28,17,0,0,0,0,0,0,0,0,0,0,0,2,1,,E07000034,2016,2030,http://chesterfield.moderngov.co.uk/mgMemberIndex.aspx?FN=PARTY&VW=LIST&PIC=0,2022-06-03
48,Chichester,D1,LC,36,NOC,"CON min",17,1,11,2,0,0,0,0,0,0,0,0,0,0,5,0,,E07000225,2016,2030,http://chichester.moderngov.co.uk/mgMemberIndex.aspx?FN=PARTY&VW=LIST&PIC=0,2022-01-24
49,Chiltern,D1,LC,0,CON,CON,0,0,0,0,0,0,0,0,0,0,0,0,0,0,0,0,"Merged into Bucks UA in 2020.",E07000005,2016,2019,https://isa.chiltern.gov.uk/democracy/mgMemberIndex.aspx?FN=PARTY&VW=LIST&PIC=0,2020-05-24
51,Copeland,D1,MC,0,LAB,"IND Mayor",0,0,0,0,0,0,0,0,0,0,0,0,0,0,0,0,"New W Cumbria unitary elections in 2022, Copeland to be abolished 2023.",E07000029,2016,2021,http://copeland.moderngov.co.uk/mgMemberIndex.aspx?VW=TABLE&PIC=1&FN=PARTY,2022-05-01
52,Corby,D1,AA,0,LAB,LAB,0,0,0,0,0,0,0,0,0,0,0,0,0,0,0,0,"Merged into North Northants UA in 2021.",E07000150,2016,2020,http://www.corby.gov.uk/home/council/council-democracy/councillors-information-advice/councillors,2021-04-01
53,Cotswold,D1,LC,34,LD,LD,14,0,18,1,0,0,0,0,0,0,0,0,0,0,1,0,,E07000079,2016,2030,https://meetings.cotswold.gov.uk/mgMemberIndex.aspx?FN=WARD&VW=LIST&PIC=0,2022-02-04
54,Dacorum,D1,LC,51,CON,CON,31,0,19,0,0,0,0,0,0,0,0,0,0,0,1,0,,E07000096,2016,2030,https://democracy.dacorum.gov.uk/mgMemberIndex.aspx?FN=PARTY&VW=LIST&PIC=0,2022-02-04
55,Dartford,D1,LC,42,CON,CON,29,7,0,0,0,0,0,0,0,0,0,0,0,0,6,0,,E07000107,2016,2030,http://committeedmz.dartford.gov.uk/mgMemberIndex.aspx?FN=PARTY&VW=LIST&PIC=0&J=1,2022-03-29
56,"Derbyshire Dales",D1,AA,39,CON,CON,20,4,7,2,0,0,0,0,0,0,0,0,0,0,6,0,,E07000035,2016,2030,https://www.derbyshiredales.gov.uk/your-council/councillors/848-councillors-by-ward,2022-05-25
57,Dover,D1,LC,32,CON,CON,20,11,0,0,0,0,0,0,0,0,0,0,0,0,1,0,,E07000108,2016,2030,http://moderngov.dover.gov.uk/mgMemberIndex.aspx?FN=PARTY&VW=LIST&PIC=0,2022-01-23
58,"East Cambridgeshire",D1,AA,28,CON,CON,16,0,10,0,0,0,0,0,0,0,0,0,0,0,2,0,,E07000009,2016,2030,http://www.eastcambs.gov.uk/council-and-democracy/search-for-councillors,2022-01-23
59,"East Devon",D1,LC,60,NOC,IND/LD/GRN,22,2,7,2,0,0,0,0,0,0,0,0,0,0,27,0,,E07000040,2016,2030,https://democracy.eastdevon.gov.uk//mgMemberIndex.aspx?FN=ALPHA&VW=LIST&PIC=0,2022-01-23
61,"East Hampshire",D1,LC,43,CON,CON,31,0,8,1,0,0,0,0,0,0,0,0,0,0,3,0,,E07000085,2016,2030,http://easthants.moderngov.co.uk/mgMemberIndex.aspx?FN=PARTY&VW=LIST&PIC=0,2022-01-23
62,"East Hertfordshire",D1,LC,50,CON,CON,40,2,6,2,0,0,0,0,0,0,0,0,0,0,0,0,,E07000242,2016,2030,http://democracy.eastherts.gov.uk/mgMemberIndex.aspx?FN=PARTY&VW=LIST&PIC=0,2022-01-23
63,"East Lindsey",D1,LC,55,CON,CON,31,6,1,0,0,0,0,0,0,0,0,0,0,0,17,0,,E07000137,2016,2030,https://democracy.e-lindsey.gov.uk/mgMemberIndex.aspx?FN=PARTY&VW=LIST&PIC=0,2022-03-04
64,"East Northamptonshire",D1,AA,0,CON,CON,0,0,0,0,0,0,0,0,0,0,0,0,0,0,0,0,"Merged into North Northants UA in 2021.",E07000152,2016,2020,http://www.east-northamptonshire.gov.uk/councillors/name,2021-04-01
65,"East Staffordshire",D1,LC,39,CON,CON,23,11,1,0,0,0,0,0,0,0,0,0,0,0,4,0,,E07000193,2016,2030,http://www.eaststaffsbc.gov.uk/council-democracy/councillors,2022-05-25
412,"East Suffolk",D1,,55,CON,CON,39,7,3,5,0,0,0,0,0,0,0,0,0,0,1,0,,,2019,2030,https://eastsuffolk.cmis.uk.com/eastsuffolk/councillors.aspx,2022-01-24
66,Eastbourne,D1,LC,27,LD,LD,9,0,18,0,0,0,0,0,0,0,0,0,0,0,0,0,,E07000061,2016,2030,https://democracy.lewes-eastbourne.gov.uk/mgMemberIndexGroup.aspx?bcr=1&g=EastbourneCllrs&m=EastbourneCllrs,2021-06-11
68,Eden,D1,LC,0,NOC,LD/IND,0,0,0,0,0,0,0,0,0,0,0,0,0,0,0,0,"New E Cumbria unitary elections in 2022, Eden to be abolished 2023.",E07000030,2016,2021,https://democracy.eden.gov.uk/mgMemberIndex.aspx?bcr=1,2022-03-04
69,"Epsom and Ewell",D1,AA,38,IND,IND,1,3,2,0,0,0,0,0,0,0,0,0,0,0,31,1,,E07000208,2016,2030,https://democracy.epsom-ewell.gov.uk/mgMemberIndex.aspx?bcr=1,2022-06-01
70,Erewash,D1,LC,47,CON,CON,29,16,1,0,0,0,0,0,0,0,0,0,0,0,1,0,,E07000036,2016,2030,http://moderngov.erewash.gov.uk/mgMemberIndex.aspx?bcr=1,2022-01-24
71,Fenland,D1,LC,39,CON,CON,27,0,2,1,0,0,0,0,0,0,0,0,0,0,9,0,,E07000010,2016,2030,https://www.fenland.gov.uk/localgov/mgMemberIndex.aspx?bcr=1,2022-01-23
123,"Folkestone and Hythe",D1,LC,30,NOC,CON/GRN/LD/IND,11,5,2,6,2,0,0,0,0,0,0,0,0,0,4,0,,E07000112,2016,2030,http://www.folkestone-hythe.gov.uk/moderngov/mgMemberIndex.aspx?bcr=1,2022-06-04
73,"Forest of Dean",D1,LC,38,NOC,IND/GRN,7,2,2,7,0,0,0,0,0,0,0,0,0,0,20,0,,E07000080,2016,2030,https://meetings.fdean.gov.uk/mgMemberIndex.aspx?bcr=1,2022-02-08
74,Fylde,D1,LC,51,CON,CON,31,0,1,0,0,0,0,0,0,0,0,0,0,0,19,0,,E07000119,2016,2030,https://fylde.cmis.uk.com/fylde/CouncillorsandMP.aspx,2022-01-24
75,Gedling,D1,LC,41,LAB,LAB,8,28,3,0,0,0,0,0,0,0,0,0,0,0,2,0,,E07000173,2016,2030,https://democracy.gedling.gov.uk/mgMemberIndex.aspx?FN=PARTY&VW=LIST&PIC=0,2022-05-30
76,Gloucester,D1,LC,39,CON,CON,25,3,11,0,0,0,0,0,0,0,0,0,0,0,0,0,,E07000081,2016,2030,http://democracy.gloucester.gov.uk/mgFindMember.aspx?XXR=0&AC=USERSEARCH,2021-11-14
77,Gravesham,D1,LC,44,NOC,"LAB min",20,22,0,0,0,0,0,0,0,0,0,0,0,0,2,0,,E07000109,2016,2030,https://democracy.gravesham.gov.uk/mgMemberIndex.aspx?VW=TABLE&PIC=1&FN=PARTY,2022-01-23
190,"Great Yarmouth",D1,LC,39,CON,CON,21,14,0,0,1,0,0,0,0,0,0,0,0,0,3,0,,E07000145,2016,2030,https://great-yarmouth.cmis.uk.com/great-yarmouth/Councillors/tabid/63/ScreenMode/Alphabetical/Default.aspx,2022-01-24
78,Guildford,D1,LC,48,NOC,IND/LD,9,2,16,0,0,0,0,0,0,0,0,0,0,0,20,1,,E07000209,2016,2030,http://www2.guildford.gov.uk/councilmeetings/mgMemberIndex.aspx?bcr=1,2022-05-25
79,Hambleton,D1,LC,0,CON,CON,0,0,0,0,0,0,0,0,0,0,0,0,0,0,0,0,,E07000164,2016,2021,http://democracy.hambleton.gov.uk/mgMemberIndex.aspx?FN=PARTY&VW=LIST&PIC=0,2022-01-23
80,Harborough,D1,LC,34,CON,CON,22,1,11,0,0,0,0,0,0,0,0,0,0,0,0,0,,E07000131,2016,2030,https://cmis.harborough.gov.uk/cmis5/Councillors.aspx,2022-01-23
81,Harrogate,D1,LC,0,CON,CON,0,0,0,0,0,0,0,0,0,0,0,0,0,0,0,0,"New N Yorkshire unitary elections in 2022, Harrogate to be abolished 2023.",E07000165,2016,2021,https://democracy.harrogate.gov.uk/mgMemberIndex.aspx?bcr=1,2022-03-29
83,Hertsmere,D1,LC,39,CON,CON,29,7,3,0,0,0,0,0,0,0,0,0,0,0,0,0,,E07000098,2016,2030,https://hertsmere.moderngov.co.uk/mgMemberIndex.aspx,2022-01-23
84,"High Peak",D1,LC,43,NOC,"LAB min",16,21,3,2,0,0,0,0,0,0,0,0,0,0,1,0,,E07000037,2016,2030,https://democracy.highpeak.gov.uk/mgMemberIndexGroup.aspx?g=HPCLLRS&m=hpcllrs,2022-04-08
85,"Hinckley and Bosworth",D1,LC,34,LD,LD,10,2,21,0,0,0,0,0,0,0,0,0,0,0,1,0,,E07000132,2016,2030,http://moderngov.hinckley-bosworth.gov.uk/mgMemberIndex.aspx?FN=PARTY&VW=LIST&PIC=0,2021-03-07
86,Horsham,D1,LC,48,CON,CON,30,0,14,3,0,0,0,0,0,0,0,0,0,0,1,0,,E07000227,2016,2030,http://horsham.moderngov.co.uk/mgMemberIndex.aspx?FN=PARTY&VW=LIST&PIC=0,2022-04-08
87,Huntingdonshire,D1,LC,52,NOC,LD/LAB/IND/GRN,22,4,10,1,0,0,0,0,0,0,0,0,0,0,15,0,,E07000011,2016,2030,http://applications.huntingdonshire.gov.uk/moderngov/mgMemberIndex.aspx?FN=PARTY&VW=LIST&PIC=0,2022-05-25
88,Kettering,D1,LC,0,CON,CON,0,0,0,0,0,0,0,0,0,0,0,0,0,0,0,0,"Merged into North Northants UA in 2021.",E07000153,2016,2020,http://www.kettering.gov.uk/councillors/name,2021-02-18
89,"King's Lynn and West Norfolk",D1,LC,55,CON,CON,29,8,2,1,0,0,0,0,0,0,0,0,0,0,15,0,,E07000146,2016,2030,http://democracy.west-norfolk.gov.uk/mgMemberIndex.aspx?FN=PARTY&VW=LIST&PIC=0,2022-03-29
90,Lancaster,D1,LC,60,NOC,GRN/IND,10,15,4,11,0,0,0,0,0,0,0,0,0,0,19,1,,E07000121,2016,2030,http://committeeadmin.lancaster.gov.uk/mgMemberIndex.aspx?FN=PARTY&VW=LIST&PIC=0,2022-05-25
91,Lewes,D1,LC,41,NOC,LD/GRN/LAB/IND,18,4,9,8,0,0,0,0,0,0,0,0,0,0,2,0,,E07000063,2016,2030,https://democracy.lewes-eastbourne.gov.uk/mgMemberIndexGroup.aspx?bcr=1&g=LewesCllrs&m=LewesCllrs,2022-05-25
92,Lichfield,D1,LC,47,CON,CON,34,10,1,0,0,0,0,0,0,0,0,0,0,0,2,0,,E07000194,2016,2030,https://democracy.lichfielddc.gov.uk/mgMemberIndex.aspx?bcr=1,2022-01-23
93,Maldon,D1,LC,31,NOC,CON/IND/LD,14,0,1,0,0,0,0,0,0,0,0,0,0,0,16,0,,E07000074,2016,2030,https://democracy.maldon.gov.uk/mgFindMember.aspx?XXR=0&AC=USERSEARCH&sPC=Enter%20postcode,2022-05-01
94,"Malvern Hills",D1,LC,38,NOC,IND/LD,12,1,4,5,0,0,0,0,0,0,0,0,0,0,16,0,,E07000235,2016,2030,http://moderngov.malvernhills.gov.uk/mgMemberIndex.aspx?FN=PARTY&VW=LIST&PIC=0&J=3,2022-01-25
95,Mansfield,D1,MC,36,NOC,"LAB Mayor",1,14,0,0,0,0,0,0,0,0,0,0,0,0,20,1,,E07000174,2016,2030,https://portal.mansfield.gov.uk/cmadexternal/councillorslist.aspx,2022-06-22
96,Melton,D1,AA,28,CON,CON,19,0,0,1,0,0,0,0,0,0,0,0,0,0,8,0,,E07000133,2016,2030,https://democracy.melton.gov.uk/mgMemberIndex.aspx?bcr=1,2022-04-01
97,Mendip,D1,LC,0,NOC,"LD min",0,0,0,0,0,0,0,0,0,0,0,0,0,0,0,0,"New Somerset unitary elections in 2022, Mendip to be abolished 2023.",E07000187,2016,2021,http://www.mendip.gov.uk/contactacouncillor,2022-01-25
98,"Mid Devon",D1,LC,42,NOC,CON/IND,20,0,11,2,0,0,0,0,0,0,0,0,0,0,9,0,,E07000042,2016,2030,https://democracy.middevon.gov.uk/mgMemberIndex.aspx?FN=PARTY&VW=LIST&PIC=0,2022-04-08
99,"Mid Suffolk",D1,LC,34,NOC,CON/IND,16,0,5,12,0,0,0,0,0,0,0,0,0,0,1,0,,E07000203,2016,2030,http://baberghmidsuffolk.moderngov.co.uk/mgMemberIndexGroup.aspx?bcr=1&g=MSDCC&m=MSDCCW,2022-02-18
100,"Mid Sussex",D1,LC,54,CON,CON,33,0,13,4,0,0,0,0,0,0,0,0,0,0,4,0,,E07000228,2016,2030,http://midsussex.moderngov.co.uk/mgMemberIndex.aspx?bcr=1,2022-01-23
101,"New Forest",D1,LC,60,CON,CON,44,0,13,0,0,0,0,0,0,0,0,0,0,0,3,0,,E07000091,2016,2030,https://democracy.newforest.gov.uk/mgMemberIndex.aspx?FN=PARTY&VW=LIST&PIC=0,2022-03-04
102,"Newark and Sherwood",D1,LC,39,CON,CON,29,5,2,0,0,0,0,0,0,0,0,0,0,0,1,2,,E07000175,2016,2030,https://democracy.newark-sherwooddc.gov.uk/mgMemberIndex.aspx?bcr=1,2022-06-22
103,Newcastle-under-Lyme,D1,LC,44,CON,CON,25,19,0,0,0,0,0,0,0,0,0,0,0,0,0,0,,E07000195,2016,2030,http://moderngov.newcastle-staffs.gov.uk/mgMemberIndex.aspx?FN=PARTY&VW=LIST&PIC=0,2022-01-25
104,"North Devon",D1,LC,42,NOC,"LD min",11,0,21,2,0,0,0,0,0,0,0,0,0,0,8,0,,E07000043,2016,2030,https://democracy.northdevon.gov.uk/mgMemberIndex.aspx?bcr=1,2022-01-23
106,"North East Derbyshire",D1,LC,53,CON,CON,30,17,3,0,0,0,0,0,0,0,0,0,0,0,2,1,,E07000038,2016,2030,http://www.ne-derbyshire.gov.uk/,2022-05-03
107,"North Kesteven",D1,LC,43,NOC,CON/IND,23,0,0,0,0,0,0,0,0,0,0,0,0,0,20,0,,E07000139,2016,2030,https://democracy.n-kesteven.gov.uk/mgMemberIndex.aspx?bcr=1,2022-05-30
108,"North Norfolk",D1,LC,40,LD,LD,10,0,24,0,0,0,0,0,0,0,0,0,0,0,6,0,,E07000147,2016,2030,https://modgov.north-norfolk.gov.uk/mgMemberIndex.aspx?bcr=1,2022-05-25
109,"North Warwickshire",D1,AA,35,CON,CON,22,11,0,0,0,0,0,0,0,0,0,0,0,0,1,1,,E07000218,2016,2030,https://www.northwarks.gov.uk/councillors/name,2022-05-03
110,"North West Leicestershire",D1,LC,38,CON,CON,22,9,4,1,0,0,0,0,0,0,0,0,0,0,2,0,,E07000134,2016,2030,http://minutes-1.nwleics.gov.uk/mgMemberIndex.aspx?FN=PARTY&VW=LIST&PIC=0,2022-01-23
111,Northampton,D1,LC,0,CON,CON,0,0,0,0,0,0,0,0,0,0,0,0,0,0,0,0,"Merged into West Northants UA in 2021.",E07000154,2016,2020,http://www.northamptonboroughcouncil.com/councillors/mgMemberIndex.asp?FN=PARTY&VW=LIST&PIC=0,2021-03-09
112,"Oadby and Wigston",D1,AA,26,LD,LD,3,0,23,0,0,0,0,0,0,0,0,0,0,0,0,0,,E07000135,2016,2030,http://moderngov.oadby-wigston.gov.uk/mgMemberIndex.aspx?FN=PARTY&VW=LIST&PIC=0,2022-02-18
114,"Ribble Valley",D1,AA,40,CON,CON,28,0,10,0,0,0,0,0,0,0,0,0,0,0,2,0,,E07000124,2016,2030,https://www.ribblevalley.gov.uk/councillors/name,2022-01-25
115,Richmondshire,D1,LC,0,NOC,IND/LD,0,0,0,0,0,0,0,0,0,0,0,0,0,0,0,0,"New N Yorkshire unitary elections in 2022, Richmondshire to be abolished 2023.",E07000166,2016,2021,https://www.richmondshire.gov.uk/council-and-democracy/councillors/councillors-information/,2020-05-25
116,Rother,D1,LC,38,NOC,IND/LD/LAB,15,2,7,1,0,0,0,0,0,0,0,0,0,0,13,0,,E07000064,2016,2030,http://www.rother.gov.uk/index.cfm?articleid=179,2022-06-22
117,Rushcliffe,D1,LC,44,CON,CON,27,6,3,2,0,0,0,0,0,0,0,0,0,0,6,0,,E07000176,2016,2030,https://democracy.rushcliffe.gov.uk/mgMemberIndex.aspx?bcr=1,2022-05-25
118,Ryedale,D1,AA,0,NOC,IND/LD,0,0,0,0,0,0,0,0,0,0,0,0,0,0,0,0,"New N Yorkshire unitary elections in 2022, Ryedale to be abolished 2023.",E07000167,2016,2021,http://democracy.ryedale.gov.uk/mgMemberIndex.aspx?FN=PARTY&VW=LIST&PIC=0,2022-02-07
119,Scarborough,D1,LC,0,NOC,LAB/IND,0,0,0,0,0,0,0,0,0,0,0,0,0,0,0,0,"New N Yorkshire unitary elections in 2022, Scarborough to be abolished 2023.",E07000168,2016,2021,https://democracy.scarborough.gov.uk/mgMemberIndex.aspx?bcr=1,2022-04-01
120,Sedgemoor,D1,LC,0,CON,CON,0,0,0,0,0,0,0,0,0,0,0,0,0,0,0,0,"New Somerset unitary elections in 2022, Sedgemoor to be abolished 2023.",E07000188,2016,2021,http://www.sedgemoor.gov.uk/councillors,2022-01-23
121,Selby,D1,LC,0,CON,CON,0,0,0,0,0,0,0,0,0,0,0,0,0,0,0,0,"New N Yorkshire unitary elections in 2022, Selby to be abolished 2023.",E07000169,2016,2021,http://www.selby.gov.uk/councillors,2022-05-03
122,Sevenoaks,D1,LC,54,CON,CON,45,1,4,0,0,0,0,0,0,0,0,0,0,0,4,0,,E07000111,2016,2030,http://cds.sevenoaks.gov.uk/mgMemberIndex.aspx?bcr=1,2022-06-22
411,"Somerset West and Taunton",D1,,0,LD,LD,0,0,0,0,0,0,0,0,0,0,0,0,0,0,0,0,"New Somerset unitary elections in 2022, SW&T to be abolished 2023.",,2019,2021,https://democracy.somersetwestandtaunton.gov.uk/mgMemberIndex.aspx?bcr=1,2022-05-01
124,"South Bucks",D1,LC,0,CON,CON,0,0,0,0,0,0,0,0,0,0,0,0,0,0,0,0,"Merged into Bucks UA in 2020.",E07000006,2016,2019,http://sbdc-spider2.southbucks.gov.uk/democracy/mgMemberIndex.aspx?bcr=1,2020-05-24
125,"South Cambridgeshire",D1,LC,45,LD,LD,8,0,37,0,0,0,0,0,0,0,0,0,0,0,0,0,,E07000012,2016,2030,http://scambs.moderngov.co.uk/mgMemberIndex.aspx?FN=PARTY&VW=LIST&PIC=0,2022-01-23
126,"South Derbyshire",D1,AA,36,NOC,"LAB min",16,15,0,0,0,0,0,0,0,0,0,0,0,0,4,1,,E07000039,2016,2030,http://south-derbys.cmis.uk.com/south-derbys/Councillors.aspx,2022-06-01
127,"South Hams",D1,LC,31,CON,CON,16,0,10,2,0,0,0,0,0,0,0,0,0,0,3,0,,E07000044,2016,2030,https://www.southhams.gov.uk/councillorsSH,2022-01-25
128,"South Holland",D1,LC,37,CON,CON,24,0,0,0,0,0,0,0,0,0,0,0,0,0,13,0,,E07000140,2016,2030,https://democracy.sholland.gov.uk/mgMemberIndex.aspx?bcr=1,2021-11-01
129,"South Kesteven",D1,LC,56,CON,CON,39,2,2,0,0,0,0,0,0,0,0,0,0,0,13,0,,E07000141,2016,2030,http://moderngov.southkesteven.gov.uk/mgMemberIndex.aspx?FN=PARTY&VW=LIST&PIC=0&J=1,2022-05-01
131,"South Norfolk",D1,LC,46,CON,CON,32,1,10,0,0,0,0,0,0,0,0,0,0,0,3,0,,E07000149,2016,2030,http://www.south-norfolk.gov.uk/your-councillors,2022-06-01
132,"South Northamptonshire",D1,LC,0,CON,CON,0,0,0,0,0,0,0,0,0,0,0,0,0,0,0,0,"Merged into West Northants UA in 2021.",E07000155,2016,2020,http://modgov.southnorthants.gov.uk/mgFindMember.aspx?XXR=0&AC=USERSEARCH,2021-04-01
133,"South Oxfordshire",D1,LC,36,NOC,LD/GRN,10,3,13,5,0,0,0,0,0,0,0,0,0,0,5,0,,E07000179,2016,2030,http://democratic.southoxon.gov.uk/mgMemberIndex.aspx?FN=PARTY&VW=LIST&PIC=0,2022-01-23
134,"South Ribble",D1,LC,50,NOC,"LAB min",22,23,5,0,0,0,0,0,0,0,0,0,0,0,0,0,,E07000126,2016,2030,http://southribble.moderngov.co.uk/mgMemberIndex.aspx?bcr=1,2022-05-25
135,"South Somerset",D1,LC,0,LD,LD,0,0,0,0,0,0,0,0,0,0,0,0,0,0,0,0,"New Somerset unitary elections in 2022, S Somerset to be abolished 2023.",E07000189,2016,2021,http://modgov.southsomerset.gov.uk/mgMemberIndex.aspx?bcr=1,2022-04-08
136,"South Staffordshire",D1,LC,49,CON,CON,35,1,0,3,1,0,0,0,0,0,0,0,0,0,8,1,,E07000196,2016,2030,https://services.sstaffs.gov.uk/cmis/Councillors.aspx,2022-05-25
137,Spelthorne,D1,LC,39,NOC,"CON min",14,3,7,3,0,0,0,0,0,0,0,0,0,0,11,1,,E07000213,2016,2030,http://democracy.spelthorne.gov.uk/mgMemberIndex.aspx?bcr=1,2022-06-22
407,Stafford,D1,LC,40,NOC,"CON min",20,10,0,1,0,0,0,0,0,0,0,0,0,0,9,0,,E07000197,2016,2030,http://www.staffordbc.gov.uk/DemServCouncillors,2022-03-29
139,"Staffordshire Moorlands",D1,LC,56,CON,CON,30,13,1,0,0,0,0,0,0,0,0,0,0,0,11,1,,E07000198,2016,2030,https://democracy.staffsmoorlands.gov.uk/mgMemberIndexGroup.aspx?g=smcllrs&m=smcllrs,2022-06-22
140,Stratford-on-Avon,D1,LC,36,CON,CON,20,0,12,1,0,0,0,0,0,0,0,0,0,0,3,0,,E07000221,2016,2030,https://democracy.stratford.gov.uk/mgMemberIndex.aspx?bcr=1,2022-01-25
212,Stroud,D1,LC,51,NOC,LAB/GRN/LD,20,15,3,13,0,0,0,0,0,0,0,0,0,0,0,0,,E07000082,2016,2030,https://www.stroud.gov.uk/council-and-democracy/your-councillors/your-councillors-by-name,2021-04-01
142,"Surrey Heath",D1,LC,35,NOC,"CON min",17,1,9,2,0,0,0,0,0,0,0,0,0,0,6,0,,E07000214,2016,2030,http://surreyheath.moderngov.co.uk/mgMemberIndex.aspx?bcr=1,2022-05-01
143,Swale,D1,CO,47,NOC,LAB/IND/LD/GRN,15,10,4,2,0,0,0,0,0,0,0,0,0,0,16,0,,E07000113,2016,2030,http://services.swale.gov.uk/meetings/mgMemberIndex.aspx?bcr=1,2022-05-03
145,Teignbridge,D1,LC,47,NOC,"LD min",12,0,22,0,0,0,0,0,0,0,0,0,0,0,13,0,,E07000045,2016,2030,https://democracy.teignbridge.gov.uk/mgMemberIndex.aspx?FN=PARTY&VW=LIST&PIC=0,2022-06-01
146,Tendring,D1,LC,48,NOC,CON/IND,21,6,2,0,1,0,0,0,0,0,0,0,0,0,18,0,,E07000076,2016,2030,http://tdcdemocracy.tendringdc.gov.uk/mgMemberIndex.aspx?bcr=1,2022-01-25
147,"Test Valley",D1,LC,43,CON,CON,26,0,12,0,0,0,0,0,0,0,0,0,0,0,5,0,,E07000093,2016,2030,https://democracy.testvalley.gov.uk/mgMemberIndex.aspx?bcr=1,2022-03-27
148,Tewkesbury,D1,LC,38,CON,CON,23,0,8,1,0,0,0,0,0,0,0,0,0,0,6,0,,E07000083,2016,2030,http://minutes.tewkesbury.gov.uk/mgMemberIndex.aspx?FN=PARTY&VW=LIST&PIC=0&J=1,2022-05-01
149,Thanet,D1,LC,56,NOC,"CON min",26,16,0,6,0,0,0,0,0,0,0,0,0,0,8,0,,E07000114,2016,2030,http://democracy.thanet.gov.uk/mgMemberIndex.aspx?bcr=1,2022-05-03
150,"Tonbridge and Malling",D1,LC,54,CON,CON,36,1,9,4,0,0,0,0,0,0,0,0,0,0,4,0,,E07000115,2016,2030,https://democracy.tmbc.gov.uk/mgMemberIndex.aspx?bcr=1,2022-01-24
151,Torridge,D1,AA,36,NOC,IND,11,3,2,2,0,0,0,0,0,0,0,0,0,0,18,0,,E07000046,2016,2030,https://democracy.torridge.gov.uk/mgMemberIndex.aspx?FN=PARTY&VW=LIST&PIC=0,2022-01-24
152,Uttlesford,D1,LC,39,IND,IND,5,0,5,3,0,0,0,0,0,0,0,0,0,0,26,0,,E07000077,2016,2030,https://uttlesford.moderngov.co.uk/mgMemberIndex.aspx?FN=PARTY&VW=LIST&PIC=0,2022-01-24
153,"Vale of White Horse",D1,LC,38,LD,LD,6,0,31,1,0,0,0,0,0,0,0,0,0,0,0,0,,E07000180,2016,2030,http://democratic.whitehorsedc.gov.uk/mgMemberIndex.aspx?FN=PARTY&VW=LIST&PIC=0,2022-05-25
154,Warwick,D1,LC,44,NOC,CON/IND,18,5,9,8,0,0,0,0,0,0,0,0,0,0,4,0,,E07000222,2016,2030,https://estates8.warwickdc.gov.uk/cmis/,2022-06-22
156,Waverley,D1,LC,57,NOC,IND/LD/LAB/GRN,20,2,15,2,0,0,0,0,0,0,0,0,0,0,17,1,,E07000216,2016,2030,https://modgov.waverley.gov.uk/mgMemberIndex.aspx?FN=PARTY&VW=LIST&PIC=0,2022-05-25
157,Wealden,D1,LC,45,CON,CON,29,0,6,3,0,0,0,0,0,0,0,0,0,0,7,0,,E07000065,2016,2030,http://council.wealden.gov.uk/mgFindMember.aspx?XXR=0&AC=USERSEARCH,2022-02-13
158,Wellingborough,D1,AA,0,CON,CON,0,0,0,0,0,0,0,0,0,0,0,0,0,0,0,0,"Merged into North Northants UA in 2021.",E07000156,2016,2020,http://www.wellingborough.gov.uk/councillors/name,2021-04-01
159,"West Devon",D1,AA,31,CON,CON,17,0,1,2,0,0,0,0,0,0,0,0,0,0,11,0,,E07000047,2016,2030,https://www.westdevon.gov.uk/councillorsWD,2022-03-04
160,"West Lindsey",D1,AA,36,NOC,"CON min",17,0,13,0,0,0,0,0,0,0,0,0,0,0,6,0,,E07000142,2016,2030,https://democracy.west-lindsey.gov.uk/mgMemberIndex.aspx?bcr=1,2022-01-24
410,"West Suffolk",D1,,64,CON,CON,41,4,0,1,0,0,0,0,0,0,0,0,0,0,18,0,,,2019,2030,https://democracy.westsuffolk.gov.uk/mgMemberIndex.aspx?FN=WARD&VW=LIST&PIC=0,2022-05-25
162,Wychavon,D1,LC,45,CON,CON,35,0,6,3,0,0,0,0,0,0,0,0,0,0,1,0,,E07000238,2016,2030,http://mgov.wychavon.gov.uk/modern.gov/mgFindMember.aspx?XXR=0&AC=USERSEARCH,2022-01-24
163,Wycombe,D1,LC,0,CON,CON,0,0,0,0,0,0,0,0,0,0,0,0,0,0,0,0,"Merged into Bucks UA in 2020.",E07000007,2016,2019,https://councillors.wycombe.gov.uk/mgMemberIndex.aspx?bcr=1,2020-05-24
164,Wyre,D1,LC,50,CON,CON,35,8,0,0,0,0,0,0,0,0,0,0,0,0,5,2,,E07000128,2016,2030,https://wyre.moderngov.co.uk/mgMemberIndex.aspx?bcr=1,2022-06-22
226,"Wyre Forest",D1,LC,33,NOC,IND/LD/LAB/GRN,14,2,3,1,0,0,0,0,0,0,0,0,0,0,13,0,,E07000239,2016,2030,http://www.wyreforestdc.gov.uk/the-council/councillors-committees-and-meetings/your-district-councillor.aspx,2022-06-22
165,Adur,D2,LC,29,CON,CON,16,9,0,2,0,0,0,0,0,0,0,0,0,0,2,0,,E07000223,2016,2030,https://democracy.adur-worthing.gov.uk/mgMemberIndexGroup.aspx?bcr=1&g=MEMADC&m=MEMADC,2021-12-17
166,Cheltenham,D2,LC,40,LD,LD,6,0,30,2,0,0,0,0,0,0,0,0,0,0,2,0,,E07000078,2016,2030,https://democracy.cheltenham.gov.uk/mgMemberIndex.aspx?FN=PARTY&VW=LIST&PIC=0,2022-06-08
189,Fareham,D2,LC,31,CON,CON,25,0,5,0,0,0,0,0,0,0,0,0,0,0,1,0,,E07000087,2016,2030,http://moderngov.fareham.gov.uk/mgMemberIndex.aspx?FN=PARTY&VW=TABLE&PIC=1,2021-03-30
167,Gosport,D2,AA,28,LD,LD,10,2,16,0,0,0,0,0,0,0,0,0,0,0,0,0,,E07000088,2016,2030,https://democracy.gosport.gov.uk/mgMemberIndex.aspx?bcr=1,2022-06-08
82,Hastings,D2,LC,32,NOC,LAB/GRN,12,15,0,5,0,0,0,0,0,0,0,0,0,0,0,0,,E07000062,2016,2030,http://hastings.moderngov.co.uk/mgMemberIndex.aspx?FN=PARTY&VW=LIST&PIC=0,2022-01-23
168,"Nuneaton and Bedworth",D2,LC,34,CON,CON,27,5,0,2,0,0,0,0,0,0,0,0,0,0,0,0,,E07000219,2016,2030,https://www.nuneatonandbedworth.gov.uk/councillors/name,2021-11-27
169,Oxford,D2,LC,48,LAB,LAB,0,32,9,6,0,0,0,0,0,0,0,0,0,0,1,0,,E07000178,2016,2030,http://mycouncil.oxford.gov.uk/mgMemberIndex.aspx?bcr=1,2021-04-01
170,"Amber Valley",D3,LC,45,CON,CON,30,11,0,3,0,0,0,0,0,0,0,0,0,0,1,0,,E07000032,2016,2030,https://www.ambervalley.gov.uk/councillors-and-elections/borough-councillors/,2021-10-17
171,Basildon,D3,LC,42,CON,CON,25,10,0,0,0,0,0,0,0,0,0,0,0,0,6,1,,E07000066,2016,2030,http://www.basildonmeetings.info/mgMemberIndex.aspx?FN=WARD&VW=LIST&PIC=0,2022-06-03
172,"Basingstoke and Deane",D3,LC,54,CON,CON,29,10,7,0,0,0,0,0,0,0,0,0,0,0,8,0,,E07000084,2016,2030,https://democracy.basingstoke.gov.uk/mgMemberIndex.aspx?bcr=1,2022-05-25
173,Brentwood,D3,AA,37,CON,CON,21,2,14,0,0,0,0,0,0,0,0,0,0,0,0,0,,E07000068,2016,2030,http://brentwood.moderngov.co.uk/mgMemberIndex.aspx?VW=TABLE&PIC=1&FN=ALPHA,2021-02-16
174,Broxbourne,D3,LC,30,CON,CON,26,3,0,0,0,0,0,0,0,0,0,0,0,0,1,0,,E07000095,2016,2030,https://www.broxbourne.gov.uk/councillors,2021-12-18
175,Burnley,D3,LC,45,NOC,LAB/LD,8,18,8,6,0,0,0,0,0,0,0,0,0,0,5,0,,E07000117,2016,2030,https://burnley.moderngov.co.uk/mgMemberIndex.aspx?FN=PARTY&VW=TABLE&PIC=1,2021-04-01
176,Cambridge,D3,LC,42,LAB,LAB,0,29,9,3,0,0,0,0,0,0,0,0,0,0,1,0,,E07000008,2016,2030,http://democracy.cambridge.gov.uk/mgMemberIndex.aspx?bcr=1,2022-05-25
177,"Cannock Chase",D3,LC,41,CON,CON,25,8,2,2,0,0,0,0,0,0,0,0,0,0,4,0,,E07000192,2016,2030,http://www.cannockchasedc.gov.uk/council/about-council/your-councillors,2021-04-01
178,Carlisle,D3,LC,0,CON,CON,0,0,0,0,0,0,0,0,0,0,0,0,0,0,0,0,"New W Cumbria unitary elections in 2022, Carlisle to be abolished 2023.",E07000028,2016,2021,https://carlisle.cmis.uk.com/CarlisleCityCouncillors.aspx,2022-04-07
179,"Castle Point",D3,LC,41,IND,CIIP/PIP,15,0,0,0,0,0,0,0,0,0,0,0,0,0,26,0,,E07000069,2016,2030,https://www.castlepoint.gov.uk/councillors,2022-03-04
180,Cherwell,D3,LC,48,CON,CON,25,10,7,2,0,0,0,0,0,0,0,0,0,0,4,0,,E07000177,2016,2030,http://modgov.cherwell.gov.uk/mgMemberIndex.aspx?FN=PARTY&VW=LIST&PIC=0,2022-05-25
181,Chorley,D3,LC,42,LAB,LAB,10,32,0,0,0,0,0,0,0,0,0,0,0,0,0,0,,E07000118,2016,2030,https://democracy.chorley.gov.uk/mgMemberIndex.aspx?FN=PARTY&VW=LIST&PIC=0,2021-04-01
182,Colchester,D3,LC,51,NOC,LD/LAB/GRN,18,13,14,3,0,0,0,0,0,0,0,0,0,0,2,1,,E07000071,2016,2030,http://colchester.cmis.uk.com/colchester/Councillors.aspx,2022-06-04
183,Craven,D3,AA,0,NOC,CON/IND1,0,0,0,0,0,0,0,0,0,0,0,0,0,0,0,0,"New N Yorkshire unitary elections in 2022, Craven to be abolished 2023.",E07000163,2016,2021,https://www.cravendc.gov.uk/the-council/councillors/list-of-councillors/,2021-06-11
184,Crawley,D3,LC,36,NOC,LAB/IND,17,19,0,0,0,0,0,0,0,0,0,0,0,0,0,0,,E07000226,2016,2030,http://democracy.crawley.gov.uk/mgMemberIndex.aspx?bcr=1,2022-06-22
185,Daventry,D3,AA,0,CON,CON,0,0,0,0,0,0,0,0,0,0,0,0,0,0,0,0,"Merged into West Northants UA in 2021.",E07000151,2016,2020,http://cmis.daventrydc.gov.uk/daventry/Councillors/tabid/63/ScreenMode/Alphabetical/Default.aspx,2021-04-01
67,Eastleigh,D3,LC,39,LD,LD,1,0,34,0,0,0,0,0,0,0,0,0,0,0,4,0,,E07000086,2016,2030,https://meetings.eastleigh.gov.uk/mgMemberIndex.aspx?bcr=1,2022-02-13
186,Elmbridge,D3,LC,48,NOC,IND/LD,15,0,13,0,0,0,0,0,0,0,0,0,0,0,20,0,,E07000207,2016,2030,http://mygov.elmbridge.gov.uk/mgMemberIndex.aspx?FN=ALPHA,2022-04-03
187,"Epping Forest",D3,LC,58,CON,CON,35,0,4,3,0,0,0,0,0,0,0,0,0,0,16,0,,E07000072,2016,2030,http://rds.eppingforestdc.gov.uk/mgMemberIndex.aspx?FN=PARTY&VW=LIST&PIC=0,2022-05-25
188,Exeter,D3,LC,39,LAB,LAB,5,25,2,5,0,0,0,0,0,0,0,0,0,0,2,0,,E07000041,2016,2030,http://committees.exeter.gov.uk/mgMemberIndex.aspx?FN=PARTY&VW=LIST&PIC=0,2022-05-25
191,Harlow,D3,AA,33,CON,CON,20,12,0,0,0,0,0,0,0,0,0,0,0,0,0,1,,E07000073,2016,2030,http://moderngov.harlow.gov.uk/mgMemberIndex.aspx?bcr=1,2022-05-25
192,Hart,D3,LC,33,NOC,IND/LD,10,1,11,0,0,0,0,0,0,0,0,0,0,0,11,0,,E07000089,2016,2030,http://www.hart.gov.uk/district-councillors,2021-02-18
193,Havant,D3,LC,38,CON,CON,35,2,0,0,0,0,0,0,0,0,0,0,0,0,1,0,,E07000090,2016,2030,http://havant.moderngov.co.uk/mgMemberIndex.aspx?VW=TABLE&PIC=1&FN=PARTY,2022-01-24
194,Hyndburn,D3,LC,35,NOC,"LAB min",14,14,0,0,0,0,0,0,0,0,0,0,0,0,6,1,,E07000120,2016,2030,https://democracy.hyndburnbc.gov.uk/mgMemberIndex.aspx?FN=PARTY&VW=LIST&PIC=0,2022-05-24
195,Ipswich,D3,LC,48,LAB,LAB,12,32,3,0,0,0,0,0,0,0,0,0,0,0,1,0,,E07000202,2016,2030,https://democracy.ipswich.gov.uk/mgMemberIndex.aspx?bcr=1,2022-05-25
196,Lincoln,D3,LC,33,LAB,LAB,9,22,2,0,0,0,0,0,0,0,0,0,0,0,0,0,,E07000138,2016,2030,http://democratic.lincoln.gov.uk/mgMemberIndex.aspx?FN=PARTY&VW=LIST&PIC=0,2021-04-01
197,Maidstone,D3,LC,55,CON,CON,28,5,12,1,0,0,0,0,0,0,0,0,0,0,9,0,,E07000110,2016,2030,https://services.maidstone.gov.uk/meetings/mgMemberIndex.aspx?bcr=1,2022-05-25
198,"Mole Valley",D3,LC,41,LD,LD,9,0,24,0,0,0,0,0,0,0,0,0,0,0,7,1,,E07000210,2016,2030,https://www.molevalley.gov.uk/home/council/councillors/who-are-your-councillors,2022-05-25
199,"North Hertfordshire",D3,LC,49,NOC,LAB/LD,19,17,13,0,0,0,0,0,0,0,0,0,0,0,0,0,,E07000099,2016,2030,https://democracy.north-herts.gov.uk/mgMemberIndex.aspx?bcr=1,2022-06-01
200,Norwich,D3,LC,39,LAB,LAB,0,25,3,11,0,0,0,0,0,0,0,0,0,0,0,0,,E07000148,2016,2030,https://cmis.norwich.gov.uk/live/Councillors.aspx,2022-05-24
201,Pendle,D3,LC,33,CON,CON,17,10,5,0,0,0,0,0,0,0,0,0,0,0,1,0,,E07000122,2016,2030,https://www.pendle.gov.uk/councillors/name,2022-06-22
202,Preston,D3,LC,48,LAB,LAB,11,30,7,0,0,0,0,0,0,0,0,0,0,0,0,0,,E07000123,2016,2030,http://preston.moderngov.co.uk/mgMemberIndex.aspx?FN=PARTY&VW=LIST&PIC=0,2022-05-24
203,Redditch,D3,LC,29,CON,CON,20,7,0,1,0,0,0,0,0,0,0,0,0,0,1,0,,E07000236,2016,2030,http://moderngovwebpublic.redditchbc.gov.uk/mgMemberIndex.aspx?bcr=1,2022-05-24
204,"Reigate and Banstead",D3,LC,45,CON,CON,27,0,3,9,0,0,0,0,0,0,0,0,0,0,6,0,,E07000211,2016,2030,https://reigate-banstead.moderngov.co.uk/mgCommitteeDetails.aspx?ID=136,2022-05-24
205,Rochford,D3,LC,39,CON,CON,21,0,5,1,0,0,0,0,0,0,0,0,0,0,12,0,,E07000075,2016,2030,https://rochford.cmis.uk.com/rochford/Members/tabid/62/ScreenMode/Alphabetical/Default.aspx,2022-03-04
206,Rossendale,D3,LC,36,LAB,LAB,11,19,0,1,0,0,0,0,0,0,0,0,0,0,5,0,,E07000125,2016,2030,http://www.rossendale.gov.uk/councillors/name,2022-01-24
207,Rugby,D3,LC,42,CON,CON,23,9,9,0,0,0,0,0,0,0,0,0,0,0,1,0,,E07000220,2016,2030,https://www.rugby.gov.uk/councillors/name,2022-05-31
208,Runnymede,D3,AA,41,CON,CON,24,3,3,1,0,0,0,0,0,0,0,0,0,0,10,0,,E07000212,2016,2030,https://www.runnymede.gov.uk/article/15001/Councillors,2022-05-25
209,Rushmoor,D3,LC,39,CON,CON,28,9,2,0,0,0,0,0,0,0,0,0,0,0,0,0,,E07000092,2016,2030,http://www.rushmoor.gov.uk/councillors,2021-04-01
130,"South Lakeland",D3,LC,0,LD,LD,0,0,0,0,0,0,0,0,0,0,0,0,0,0,0,0,"E Cumbria shadow authority in 2022, S Lakeland to be abolished in 2023.",E07000031,2016,2021,http://democracy.southlakeland.gov.uk/mgMemberIndex.aspx?bcr=1,2022-03-29
210,"St Albans",D3,LC,56,LD,LD,4,0,50,1,0,0,0,0,0,0,0,0,0,0,1,0,,E07000240,2016,2030,http://stalbans.moderngov.co.uk/mgMemberIndex.aspx?FN=PARTY&VW=LIST&PIC=0,2021-04-01
211,Stevenage,D3,LC,39,LAB,LAB,8,24,7,0,0,0,0,0,0,0,0,0,0,0,0,0,,E07000243,2016,2030,http://democracy.stevenage.gov.uk/mgMemberIndex.aspx?bcr=1,2021-12-12
213,Tamworth,D3,LC,30,CON,CON,25,3,0,0,1,0,0,0,0,0,0,0,0,0,1,0,,E07000199,2016,2030,http://democracy.tamworth.gov.uk/mgFindMember.aspx?XXR=0&AC=USERSEARCH&,2022-02-04
214,Tandridge,D3,AA,42,NOC,IND,10,0,11,0,0,0,0,0,0,0,0,0,0,0,21,0,,E07000215,2016,2030,https://tandridge.moderngov.co.uk/mgMemberIndex.aspx,2022-01-24
215,"Three Rivers",D3,LC,39,LD,LD,12,3,23,1,0,0,0,0,0,0,0,0,0,0,0,0,,E07000102,2016,2030,http://www.threerivers.gov.uk/egcl-page/ward-councillors,2022-05-24
216,"Tunbridge Wells",D3,LC,48,NOC,LD/IND/LAB,13,7,16,0,0,0,0,0,0,0,0,0,0,0,12,0,,E07000116,2016,2030,http://democracy.tunbridgewells.gov.uk/mgMemberIndex.aspx?bcr=1,2022-05-25
217,Watford,D3,MC,36,LD,LD,0,9,27,0,0,0,0,0,0,0,0,0,0,0,0,0,,E07000103,2016,2030,http://watford.moderngov.co.uk/mgMemberIndex.aspx?FN=PARTY&VW=LIST&PIC=0,2021-04-01
218,"Welwyn Hatfield",D3,LC,48,CON,CON,26,9,12,0,0,0,0,0,0,0,0,0,0,0,0,1,,E07000241,2016,2030,https://democracy.welhat.gov.uk/mgMemberIndex.aspx?FN=ALPHA&VW=LIST&PIC=0,2022-06-01
219,"West Lancashire",D3,LC,54,NOC,"LAB min",20,25,0,0,0,0,0,0,0,0,0,0,0,0,9,0,,E07000127,2016,2030,https://democracy.westlancs.gov.uk/mgMemberIndex.aspx?bcr=1,2022-05-24
220,"West Oxfordshire",D3,LC,49,NOC,LD/LAB/GRN,20,9,15,2,0,0,0,0,0,0,0,0,0,0,3,0,,E07000181,2016,2030,http://cmis.westoxon.gov.uk/cmis/Councillors.aspx,2022-02-18
222,Winchester,D3,LC,45,LD,LD,15,0,27,1,0,0,0,0,0,0,0,0,0,0,2,0,,E07000094,2016,2030,https://democracy.winchester.gov.uk/mgMemberIndex.aspx?bcr=1,2022-05-25
223,Woking,D3,LC,30,LD,LD,8,3,16,0,0,0,0,0,0,0,0,0,0,0,3,0,,E07000217,2016,2030,https://moderngov.woking.gov.uk/mgMemberIndex.aspx?bcr=1,2021-02-18
224,Worcester,D3,LC,35,NOC,"CON min",15,12,2,6,0,0,0,0,0,0,0,0,0,0,0,0,"All-up from 2024",E07000237,2016,2030,http://committee.worcester.gov.uk/mgMemberIndex.aspx?FN=WARD&J=2,2022-05-24
225,Worthing,D3,LC,37,LAB,LAB,12,23,1,0,0,0,0,0,0,0,0,0,0,0,1,0,,E07000229,2016,2030,https://www.adur-worthing.gov.uk/councillors-and-mps/councillors-worthing/,2022-05-24
227,"Barking and Dagenham",L1,LC,51,LAB,LAB,0,51,0,0,0,0,0,0,0,0,0,0,0,0,0,0,,E09000002,2016,2030,https://modgov.lbbd.gov.uk/Internet/mgMemberIndex.aspx,2022-01-24
228,Barnet,L1,LC,63,LAB,LAB,22,41,0,0,0,0,0,0,0,0,0,0,0,0,0,0,,E09000003,2016,2030,https://barnet.moderngov.co.uk/mgMemberIndex.aspx?bcr=1,2022-04-07
229,Bexley,L1,LC,45,CON,CON,33,12,0,0,0,0,0,0,0,0,0,0,0,0,0,0,,E09000004,2016,2030,http://democracy.bexley.gov.uk/mgMemberIndex.aspx?FN=PARTY&VW=LIST&PIC=0,2022-05-30
230,Brent,L1,LC,57,LAB,LAB,5,49,3,0,0,0,0,0,0,0,0,0,0,0,0,0,,E09000005,2016,2030,http://democracy.brent.gov.uk/mgMemberIndex.aspx?FN=PARTY&VW=LIST&PIC=0,2022-03-29
231,Bromley,L1,LC,58,CON,CON,36,12,5,0,0,0,0,0,0,0,0,0,0,0,5,0,,E09000006,2016,2030,http://cds.bromley.gov.uk/mgMemberIndex.aspx?FN=PARTY&VW=LIST&PIC=0,2022-01-24
232,Camden,L1,LC,55,LAB,LAB,3,46,4,1,0,0,0,0,0,0,0,0,0,0,0,1,,E09000007,2016,2030,http://democracy.camden.gov.uk/mgMemberIndex.aspx?FN=PARTY&VW=LIST&PIC=0,2022-05-31
233,Croydon,L1,LC,70,NOC,"CON Mayor",32,34,1,2,0,0,0,0,0,0,0,0,0,0,0,1,,E09000008,2016,2030,https://democracy.croydon.gov.uk/mgMemberIndex.aspx?FN=WARD&VW=LIST&PIC=0,2022-06-01
234,Ealing,L1,LC,70,LAB,LAB,5,59,6,0,0,0,0,0,0,0,0,0,0,0,0,0,,E09000009,2016,2030,https://ealing.moderngov.co.uk/mgMemberIndex.aspx?FN=WARD&VW=LIST&PIC=0,2022-06-01
235,Enfield,L1,LC,63,LAB,LAB,25,38,0,0,0,0,0,0,0,0,0,0,0,0,0,0,,E09000010,2016,2030,https://governance.enfield.gov.uk/mgMemberIndex.aspx?FN=PARTY&VW=LIST&PIC=0,2022-05-30
236,Greenwich,L1,LC,55,LAB,LAB,3,52,0,0,0,0,0,0,0,0,0,0,0,0,0,0,,E09000011,2016,2030,http://www.royalgreenwich.gov.uk/info/200033/councillors_democracy_and_elections/598/find_your_councillor,2021-06-11
237,Hackney,L1,MC,57,LAB,"LAB Mayor",5,49,0,2,0,0,0,0,0,0,0,0,0,0,0,1,,E09000012,2016,2030,http://mginternet.hackney.gov.uk/mgMemberIndex.aspx?bcr=1,2022-06-05
238,"Hammersmith and Fulham",L1,LC,50,LAB,LAB,10,40,0,0,0,0,0,0,0,0,0,0,0,0,0,0,,E09000013,2016,2030,http://democracy.lbhf.gov.uk/mgMemberIndex.aspx?bcr=1,2022-01-24
239,Haringey,L1,LC,57,LAB,LAB,0,49,7,0,0,0,0,0,0,0,0,0,0,0,1,0,,E09000014,2016,2030,http://www.minutes.haringey.gov.uk/mgMemberIndex.aspx?FN=PARTY&VW=LIST&PIC=0,2022-06-08
240,Harrow,L1,LC,55,CON,CON,31,24,0,0,0,0,0,0,0,0,0,0,0,0,0,0,,E09000015,2016,2030,http://www.harrow.gov.uk/www2/mgMemberIndex.aspx?FN=PARTY&VW=LIST&PIC=0&J=1,2021-11-27
241,Havering,L1,LC,55,NOC,IND/LAB,23,9,0,0,0,0,0,0,0,0,0,0,0,0,23,0,,E09000016,2016,2030,http://democracy.havering.gov.uk/mgMemberIndex.aspx?bcr=1,2022-01-24
242,Hillingdon,L1,LC,53,CON,CON,30,23,0,0,0,0,0,0,0,0,0,0,0,0,0,0,,E09000017,2016,2030,http://modgov.hillingdon.gov.uk/mgMemberIndex.aspx?FN=PARTY&VW=LIST&PIC=0,2022-01-24
243,Hounslow,L1,LC,62,LAB,LAB,10,52,0,0,0,0,0,0,0,0,0,0,0,0,0,0,,E09000018,2016,2030,https://democraticservices.hounslow.gov.uk/mgMemberIndex.aspx?FN=WARD&VW=LIST&PIC=0,2022-03-29
244,Islington,L1,LC,51,LAB,LAB,0,48,0,3,0,0,0,0,0,0,0,0,0,0,0,0,,E09000019,2016,2030,http://democracy.islington.gov.uk/mgMemberIndex.aspx?bcr=1,2021-07-06
245,"Kensington and Chelsea",L1,LC,50,CON,CON,35,13,2,0,0,0,0,0,0,0,0,0,0,0,0,0,,E09000020,2016,2030,https://www.rbkc.gov.uk/committees/Members/tabid/62/ScreenMode/Alphabetical/Default.aspx,2022-06-01
246,"Kingston upon Thames",L1,LC,48,LD,LD,3,0,41,0,0,0,0,0,0,0,0,0,0,0,1,3,,E09000021,2016,2030,https://moderngov.kingston.gov.uk/mgMemberIndex.aspx,2022-05-30
247,Lambeth,L1,LC,63,LAB,LAB,0,58,3,2,0,0,0,0,0,0,0,0,0,0,0,0,,E09000022,2016,2030,https://moderngov.lambeth.gov.uk/mgMemberIndex.aspx?FN=PARTY&VW=LIST&PIC=0,2022-02-13
248,Lewisham,L1,MC,54,LAB,"LAB Mayor",0,54,0,0,0,0,0,0,0,0,0,0,0,0,0,0,,E09000023,2016,2030,http://councilmeetings.lewisham.gov.uk/mgMemberIndex.aspx?FN=PARTY&VW=LIST&PIC=0,2022-01-24
249,Merton,L1,LC,57,LAB,LAB,7,31,17,0,0,0,0,0,0,0,0,0,0,0,2,0,,E09000024,2016,2030,http://democracy.merton.gov.uk/mgMemberIndex.aspx?bcr=1&FN=GROUPING&VW=LIST&PIC=0,2022-01-24
250,Newham,L1,MC,66,LAB,"LAB Mayor",0,63,0,2,0,0,0,0,0,0,0,0,0,0,1,0,,E09000025,2016,2030,https://mgov.newham.gov.uk/mgMemberIndex.aspx?FN=PARTY&VW=LIST&PIC=0,2022-05-31
251,Redbridge,L1,LC,63,LAB,LAB,5,58,0,0,0,0,0,0,0,0,0,0,0,0,0,0,,E09000026,2016,2030,http://moderngov.redbridge.gov.uk/mgFindMember.aspx?XXR=0&AC=USERSEARCH,2022-05-30
252,"Richmond upon Thames",L1,LC,54,LD,LD,1,0,48,5,0,0,0,0,0,0,0,0,0,0,0,0,,E09000027,2016,2030,https://cabnet.richmond.gov.uk/mgMemberIndex.aspx,2022-01-18
253,Southwark,L1,LC,63,LAB,LAB,0,52,11,0,0,0,0,0,0,0,0,0,0,0,0,0,,E09000028,2016,2030,http://moderngov.southwarksites.com/mgFindMember.aspx?XXR=0&AC=USERSEARCH&sPC=Enter%20postcode&,2022-05-30
254,Sutton,L1,LC,55,LD,LD,20,3,29,0,0,0,0,0,0,0,0,0,0,0,3,0,,E09000029,2016,2030,https://moderngov.sutton.gov.uk/mgMemberIndex.aspx?FN=PARTY&VW=LIST&PIC=0,2022-01-30
255,"Tower Hamlets",L1,LC,45,IND,"Aspire Mayor",1,19,0,1,0,0,0,0,0,0,0,0,0,0,24,0,,E09000030,2016,2030,http://democracy.towerhamlets.gov.uk/mgMemberIndex.aspx?bcr=1,2021-09-19
256,"Waltham Forest",L1,LC,60,LAB,LAB,13,47,0,0,0,0,0,0,0,0,0,0,0,0,0,0,,E09000031,2016,2030,https://democracy.walthamforest.gov.uk/mgFindMember.aspx?XXR=0&AC=USERSEARCH&sPC=Enter%20postcode,2022-05-01
257,Wandsworth,L1,LC,58,LAB,LAB,22,34,0,0,0,0,0,0,0,0,0,0,0,0,1,1,,E09000032,2016,2030,https://democracy.wandsworth.gov.uk/mgMemberIndex.aspx,2022-05-31
258,Westminster,L1,LC,54,LAB,LAB,23,31,0,0,0,0,0,0,0,0,0,0,0,0,0,0,,E09000033,2016,2030,http://committees.westminster.gov.uk/mgMemberIndex.aspx?bcr=11,2022-01-24
259,Birmingham,M1,LC,101,LAB,LAB,22,65,12,2,0,0,0,0,0,0,0,0,0,0,0,0,,E08000025,2016,2030,https://www.birmingham.gov.uk/councillors/name,2022-05-24
260,Doncaster,M1,MC,55,LAB,"LAB Mayor",11,40,0,0,0,0,0,0,0,0,0,0,0,0,4,0,,E08000017,2016,2030,http://doncaster.moderngov.co.uk/mgMemberIndex.aspx?FN=PARTY&VW=LIST&PIC=0,2022-04-01
278,Rotherham,M1,LC,59,LAB,LAB,18,33,4,0,0,0,0,0,0,0,0,0,0,0,4,0,,E08000018,2016,2030,https://moderngov.rotherham.gov.uk/mgMemberIndex.aspx?bcr=1,2022-05-01
279,Salford,M1,LC,60,LAB,"LAB Mayor",8,49,2,0,0,0,0,0,0,0,0,0,0,0,1,0,,E08000006,2016,2030,http://www.salford.gov.uk/your-council/councillors/councillors-by-name/,2022-04-07
285,"St. Helens",M1,LC,48,LAB,LAB,2,29,4,6,0,0,0,0,0,0,0,0,0,0,7,0,,E08000013,2016,2030,http://moderngov.sthelens.gov.uk/mgMemberIndex.aspx?FN=PARTY&VW=LIST&PIC=0,2022-01-25
264,Barnsley,M3,LC,63,LAB,LAB,4,46,9,0,0,0,0,0,0,0,0,0,0,0,4,0,,E08000016,2016,2030,http://barnsleymbc.moderngov.co.uk/mgMemberIndex.aspx?FN=PARTY&VW=LIST&PIC=0,2022-01-25
265,Bolton,M3,LC,60,NOC,"CON min",23,19,5,0,0,0,0,0,0,0,0,0,0,0,13,0,,E08000001,2016,2030,https://www.bolton.gov.uk/councillors,2022-03-27
266,Bradford,M3,LC,90,LAB,LAB,21,52,6,6,0,0,0,0,0,0,0,0,0,0,5,0,,E08000032,2016,2030,https://bradford.moderngov.co.uk/mgMemberIndex.aspx?FN=ALPHA&VW=LIST&PIC=0,2022-01-24
267,Bury,M3,LC,51,LAB,LAB,12,29,1,0,0,0,0,0,0,0,0,0,0,0,9,0,,E08000002,2016,2030,https://councildecisions.bury.gov.uk/mgMemberIndex.aspx?FN=WARD&VW=LIST&PIC=0,2022-02-18
268,Calderdale,M3,LC,51,LAB,LAB,15,28,6,1,0,0,0,0,0,0,0,0,0,0,1,0,,E08000033,2016,2030,http://www.calderdale.gov.uk/council/councillors/councillors/search/browse.jsp,2022-05-24
269,Coventry,M3,LC,54,LAB,LAB,14,38,0,1,0,0,0,0,0,0,0,0,0,0,0,1,,E08000026,2016,2030,https://edemocracy.coventry.gov.uk/mgMemberIndex.aspx?FN=WARD&VW=LIST&PIC=0,2022-06-08
270,Dudley,M3,LC,72,CON,CON,46,26,0,0,0,0,0,0,0,0,0,0,0,0,0,0,,E08000027,2016,2030,http://cmis.dudley.gov.uk/cmis5/Councillors.aspx,2022-05-24
271,Gateshead,M3,LC,66,LAB,LAB,0,51,15,0,0,0,0,0,0,0,0,0,0,0,0,0,,E08000037,2016,2030,http://democracy.gateshead.gov.uk/mgMemberIndex.aspx?bcr=1,2021-04-01
272,Kirklees,M3,LC,69,LAB,LAB,18,36,8,3,0,0,0,0,0,0,0,0,0,0,4,0,,E08000034,2016,2030,https://democracy.kirklees.gov.uk/mgMemberIndex.aspx,2022-01-24
273,Knowsley,M3,LC,45,LAB,LAB,0,32,3,5,0,0,0,0,0,0,0,0,0,0,5,0,,E08000011,2016,2030,http://councillors.knowsley.gov.uk/mgMemberIndex.aspx?FN=PARTY&VW=LIST&PIC=0,2022-06-01
261,Leeds,M3,LC,99,LAB,LAB,21,58,7,3,0,0,0,0,0,0,0,0,0,0,10,0,,E08000035,2016,2030,http://democracy.leeds.gov.uk/mgMemberIndex.aspx?FN=PARTY&VW=LIST&PIC=0,2022-05-24
274,Liverpool,M3,MC,90,LAB,"LAB Mayor",0,59,11,4,0,0,0,0,0,0,0,0,0,0,15,1,,E08000012,2016,2030,https://councillors.liverpool.gov.uk/mgMemberIndex.aspx?bcr=1,2022-05-25
262,Manchester,M3,LC,96,LAB,LAB,0,92,2,2,0,0,0,0,0,0,0,0,0,0,0,0,,E08000003,2016,2030,https://democracy.manchester.gov.uk/mgFindMember.aspx?XXR=0&AC=USERSEARCH&sPC=Enter%20postcode,2022-05-25
263,"Newcastle upon Tyne",M3,LC,78,LAB,LAB,0,51,21,0,0,0,0,0,0,0,0,0,0,0,6,0,,E08000021,2016,2030,http://democracy.newcastle.gov.uk/mgFindMember.aspx?XXR=0&AC=USERSEARCH,2022-05-24
275,"North Tyneside",M3,MC,60,LAB,LAB,8,50,0,0,0,0,0,0,0,0,0,0,0,0,1,1,,E08000022,2016,2030,,2022-06-22
276,Oldham,M3,LC,60,LAB,LAB,9,35,9,0,0,0,0,0,0,0,0,0,0,0,7,0,,E08000004,2016,2030,http://www.oldham.gov.uk/councillors/name,2022-05-24
277,Rochdale,M3,LC,60,LAB,LAB,10,43,3,0,0,0,0,0,0,0,0,0,0,0,4,0,,E08000005,2016,2030,http://democracy.rochdale.gov.uk/mgMemberIndex.aspx?FN=PARTY&VW=LIST&PIC=0,2022-05-25
280,Sandwell,M3,LC,72,LAB,LAB,9,61,0,0,0,0,0,0,0,0,0,0,0,0,2,0,,E08000028,2016,2030,https://cmis.sandwell.gov.uk/cmis5/People/tabid/62/ScreenMode/Alphabetical/Default.aspx,2022-05-25
281,Sefton,M3,LC,66,LAB,LAB,5,46,8,0,0,0,0,0,0,0,0,0,0,0,7,0,,E08000014,2016,2030,https://modgov.sefton.gov.uk/mgMemberIndex.aspx?FN=PARTY&VW=LIST&PIC=0,2022-05-24
282,Sheffield,M3,CO,84,NOC,LAB/LD/GRN,1,39,29,14,0,0,0,0,0,0,0,0,0,0,1,0,,E08000019,2016,2030,http://democracy.sheffield.gov.uk/mgMemberIndex.aspx?bcr=1,2022-05-24
283,Solihull,M3,LC,51,CON,CON,28,0,5,14,0,0,0,0,0,0,0,0,0,0,4,0,,E08000029,2016,2030,,2022-05-24
284,"South Tyneside",M3,LC,54,LAB,LAB,1,41,0,6,0,0,0,0,0,0,0,0,0,0,6,0,,E08000023,2016,2030,https://www.southtyneside.gov.uk/article/59877/Councillors,2022-05-24
286,Stockport,M3,LC,63,NOC,"LD min",5,25,28,2,0,0,0,0,0,0,0,0,0,0,3,0,,E08000007,2016,2030,http://democracy.stockport.gov.uk/mgMemberIndex.aspx?bcr=1,2022-05-24
287,Sunderland,M3,LC,75,LAB,LAB,18,42,14,0,0,0,0,0,0,0,0,0,0,0,1,0,,E08000024,2016,2030,https://committees.sunderland.gov.uk/committees/cmis5/Members.aspx,2022-06-22
288,Tameside,M3,LC,57,LAB,LAB,8,48,0,1,0,0,0,0,0,0,0,0,0,0,0,0,,E08000008,2016,2030,http://tameside.moderngov.co.uk/mgMemberIndex.aspx?FN=ALPHA,2021-02-24
289,Trafford,M3,LC,63,LAB,LAB,13,41,5,4,0,0,0,0,0,0,0,0,0,0,0,0,,E08000009,2016,2030,https://democratic.trafford.gov.uk/mgMemberIndex.aspx?bcr=1,2022-05-24
290,Wakefield,M3,LC,63,LAB,LAB,13,45,3,0,0,0,0,0,0,0,0,0,0,0,2,0,,E08000036,2016,2030,http://mg.wakefield.gov.uk/mgMemberIndex.aspx?FN=ALPHA&VW=LIST&PIC=0,2022-05-24
291,Walsall,M3,LC,60,CON,CON,38,20,0,0,0,0,0,0,0,0,0,0,0,0,2,0,,E08000030,2016,2030,https://cmispublic.walsall.gov.uk/cmis/Councillors.aspx,2022-05-25
292,Wigan,M3,LC,75,LAB,LAB,7,61,0,0,0,0,0,0,0,0,0,0,0,0,7,0,,E08000010,2016,2030,http://democracy.wigan.gov.uk/mgMemberIndex.aspx?FN=PARTY&VW=LIST&PIC=0,2022-05-24
293,Wirral,M3,CO,66,NOC,"LAB min",24,25,6,9,0,0,0,0,0,0,0,0,0,0,1,1,,E08000015,2016,2030,http://democracy.wirral.gov.uk/mgMemberIndex.aspx?FN=PARTY&VW=LIST&PIC=0,2022-06-08
294,Wolverhampton,M3,LC,60,LAB,LAB,16,44,0,0,0,0,0,0,0,0,0,0,0,0,0,0,,E08000031,2016,2030,http://wolverhampton.moderngov.co.uk/mgMemberIndex.aspx?FN=ALPHA&VW=LIST&PIC=0,2022-04-08
1001,"Antrim and Newtownabbey",N1,,40,NOC,,0,0,0,0,0,0,0,13,5,9,4,6,0,0,3,0,,,2016,2030,http://www.antrimandnewtownabbey.gov.uk/Council/Your-Councillors?utm_source=PP&utm_medium=web&utm_campaign=Councillors&utm_content=9,2022-01-27
1002,"Armagh City, Banbridge and Craigavon",N1,,41,NOC,,0,0,0,0,0,0,0,11,10,10,6,3,0,0,1,0,,,2016,2030,https://www.armaghbanbridgecraigavon.gov.uk/councillors/,2021-12-18
1003,Belfast,N1,,60,NOC,,0,0,0,4,0,0,0,14,18,4,6,9,0,0,5,0,,,2016,2030,https://minutes3.belfastcity.gov.uk/mgMemberIndex.aspx?FN=PARTY&VW=LIST&PIC=0,2022-02-18
1004,"Causeway Coast and Glens",N1,,40,NOC,,0,0,0,0,0,0,0,13,9,6,4,2,0,0,6,0,,,2016,2030,https://www.causewaycoastandglens.gov.uk/council/councillors,2021-07-01
1005,"Derry and Strabane",N1,,40,NOC,,0,0,0,0,0,0,0,4,11,3,10,2,0,0,9,1,,,2016,2030,http://meetings.derrycityandstrabanedistrict.com/mgMemberIndex.aspx?FN=PARTY&VW=LIST&PIC=0,2022-06-08
1006,"Fermanagh and Omagh",N1,,40,NOC,,0,0,0,0,0,0,0,5,14,10,5,1,0,0,5,0,,,2016,2030,http://www.fermanaghomagh.com/your-council/councillors/,2022-01-27
1007,"Lisburn and Castlereagh",N1,,40,NOC,,0,0,0,1,0,0,0,14,2,11,2,9,0,0,1,0,,,2016,2030,https://www.lisburncastlereagh.gov.uk/council/elected-members,2021-10-21
1008,"Mid and East Antrim",N1,,40,NOC,,0,0,0,0,0,0,0,16,2,6,1,7,0,0,8,0,,,2016,2030,https://www.midandeastantrim.gov.uk/council/councillors,2022-01-27
1009,Mid-Ulster,N1,,40,NOC,,0,0,0,0,0,0,0,9,17,6,5,0,0,0,3,0,,,2016,2030,https://mid-ulster.cmis-ni.org/Midulster/Councillors.aspx,2022-01-27
1010,"Newry, Mourne and Down",N1,,41,NOC,,0,0,0,0,0,0,0,3,16,4,11,2,0,0,5,0,,,2016,2030,http://www.newrymournedown.org/your-councillors,2022-05-31
1011,"North Down and Ards",N1,,40,NOC,,0,0,0,2,0,0,0,12,0,8,1,10,0,0,5,2,,,2016,2030,http://www.ardsandnorthdown.gov.uk/about-the-council/find-my-councillor/view-all,2022-05-31
295,Aberdeen,S1,,45,NOC,SNP/LD,8,11,4,0,0,0,20,0,0,0,0,0,0,0,2,0,,S30000026,2016,2030,http://committees.aberdeencity.gov.uk/mgMemberIndex.aspx?FN=PARTY&VW=LIST&PIC=0,2021-02-28
296,Aberdeenshire,S1,,70,NOC,CON/LD/IND,25,0,14,0,0,0,21,0,0,0,0,0,0,0,10,0,,S30000027,2016,2030,http://committees.aberdeenshire.gov.uk/Committees.aspx?councillors=1,2022-05-25
297,Angus,S1,,28,NOC,SNP/IND,7,1,0,0,0,0,13,0,0,0,0,0,0,0,7,0,,S30000001,2016,2030,https://www.angus.gov.uk/councillors,2022-06-01
298,"Argyll and Bute",S1,,36,NOC,CON/IND/LD,10,1,5,1,0,0,12,0,0,0,0,0,0,0,7,0,,S30000036,2016,2030,https://www.argyll-bute.gov.uk/councillor_list,2022-01-24
299,Clackmannanshire,S1,,18,NOC,"SNP min",3,5,0,1,0,0,9,0,0,0,0,0,0,0,0,0,,S30000003,2016,2030,http://www.clacks.gov.uk/council/wards/,2022-01-24
307,"Comhairle nan Eilean Siar",S1,,29,IND,IND,1,0,0,0,0,0,6,0,0,0,0,0,0,0,20,2,,S30000039,2016,2030,https://www.cne-siar.gov.uk/your-council/wards-and-councillors/council-members/,2022-05-25
300,"Dumfries and Galloway",S1,,43,NOC,SNP/LAB/IND/LD,16,9,1,0,0,0,11,0,0,0,0,0,0,0,6,0,,S30000016,2016,2030,https://dumfriesgalloway.moderngov.co.uk/mgMemberIndex.aspx?bcr=1,2022-03-04
301,Dundee,S1,,29,SNP,SNP,1,9,4,0,0,0,15,0,0,0,0,0,0,0,0,0,,S30000002,2016,2030,https://www.dundeecity.gov.uk/councillors/cllorsurname/,2022-02-07
302,"East Ayrshire",S1,,32,NOC,"SNP min",4,10,0,0,0,0,14,0,0,0,0,0,0,0,4,0,,S30000017,2016,2030,https://www.east-ayrshire.gov.uk/CouncilAndGovernment/About-the-Council/Councillors-and-Provost/YourCouncillor.aspx,2022-03-27
303,"East Dunbartonshire",S1,,22,NOC,LD/CON,3,4,6,0,0,0,8,0,0,0,0,0,0,0,1,0,,S30000015,2016,2030,https://www.eastdunbarton.gov.uk/council/committees-councillors/councillors-2017,2022-05-25
304,"East Lothian",S1,,22,NOC,"LAB min",4,10,0,1,0,0,7,0,0,0,0,0,0,0,0,0,,S30000005,2016,2030,http://www.eastlothian.gov.uk/councillors/name,2022-05-24
305,"East Renfrewshire",S1,,18,NOC,LAB/IND,5,5,0,0,0,0,6,0,0,0,0,0,0,0,2,0,,S30000020,2016,2030,https://www.eastrenfrewshire.gov.uk/Find-my-councillor,2022-01-24
306,Edinburgh,S1,,63,NOC,"LAB min",9,13,12,10,0,0,19,0,0,0,0,0,0,0,0,0,,S30000008,2016,2030,https://democracy.edinburgh.gov.uk/mgMemberIndex.aspx?bcr=1,2022-05-25
308,Falkirk,S1,,30,NOC,"SNP min",5,9,0,0,0,0,12,0,0,0,0,0,0,0,4,0,,S30000009,2016,2030,http://www.falkirk.gov.uk/services/council-democracy/councillors-decision-making/councillors/,2022-03-27
309,Fife,S1,,75,NOC,"LAB min",8,20,13,0,0,0,34,0,0,0,0,0,0,0,0,0,,S30000004,2016,2030,https://www.fife.gov.uk/kb/docs/articles/about-your-council2/politicians-and-committees/your-local-councillors/councillor,2022-05-25
310,Glasgow,S1,,85,NOC,"SNP min",2,36,0,10,0,0,37,0,0,0,0,0,0,0,0,0,,S30000019,2016,2030,http://www.glasgow.gov.uk/councillorsandcommittees/allMembers.asp?sort=0&page=0&rec=78,2022-05-25
311,Highland,S1,,74,NOC,SNP/IND,10,2,15,4,0,0,22,0,0,0,0,0,0,0,21,0,,,2016,2030,http://www.highland.gov.uk/councillors/name,2022-05-25
312,Inverclyde,S1,,22,NOC,"LAB min",2,9,0,0,0,0,8,0,0,0,0,0,0,0,3,0,,S30000022,2016,2030,http://www.inverclyde.gov.uk/meetings/councillors,2022-01-24
313,Midlothian,S1,,18,NOC,"SNP min",3,7,0,0,0,0,8,0,0,0,0,0,0,0,0,0,,S30000006,2016,2030,https://midlothian.cmis.uk.com/Live/Councillors.aspx,2022-01-24
314,Moray,S1,,26,NOC,"CON min",11,3,1,1,0,0,8,0,0,0,0,0,0,0,2,0,,,2016,2030,https://moray.cmis.uk.com/moray/CouncilandGovernance/Councillors.aspx,2022-05-25
315,"North Ayrshire",S1,,33,NOC,"SNP min",10,9,0,0,0,0,12,0,0,0,0,0,0,0,2,0,,S30000018,2016,2030,https://north-ayrshire.cmis.uk.com/North-Ayrshire/-ayrshire.cmis.uk.com/north-ayrshire/Councillors/CurrentCouncillors/tabid/98/ScreenMode/Alphabetical/Default.aspx,2022-02-18
316,"North Lanarkshire",S1,,77,NOC,"SNP min",5,32,0,1,0,0,36,0,0,0,0,0,0,0,3,0,,S30000023,2016,2030,https://mars.northlanarkshire.gov.uk/egenda/public/main.pl?op=ListCurrentMembers,2022-01-24
317,"Orkney Islands",S1,,21,IND,IND,0,0,0,2,0,0,0,0,0,0,0,0,0,0,19,0,,S30000040,2016,2030,http://www.orkney.gov.uk/Council/Councillors/councillor-profiles.htm,2022-01-24
318,"Perth and Kinross",S1,,40,NOC,"SNP min",14,2,4,0,0,0,16,0,0,0,0,0,0,0,4,0,,S30000010,2016,2030,https://perth-and-kinross.cmis.uk.com/perth-and-kinross/Councillors/OverviewofCouncillors.aspx,2022-03-27
319,Renfrewshire,S1,,43,NOC,"SNP min",5,15,1,0,0,0,21,0,0,0,0,0,0,0,1,0,,S30000021,2016,2030,http://renfrewshire.cmis.uk.com/renfrewshire/Councillors.aspx,2022-06-01
320,"Scottish Borders",S1,,34,NOC,CON/IND,14,0,3,1,0,0,9,0,0,0,0,0,0,0,7,0,,S30000007,2016,2030,https://www.scotborders.gov.uk/councillors/name,2022-05-24
321,Shetland,S1,,23,IND,IND,0,1,0,1,0,0,1,0,0,0,0,0,0,0,19,1,,S30000041,2016,2030,http://www.shetland.gov.uk/about_your_councillors/,2022-06-01
322,"South Ayrshire",S1,,28,NOC,"CON min",10,5,0,0,0,0,9,0,0,0,0,0,0,0,4,0,,S30000024,2016,2030,http://www.south-ayrshire.gov.uk/councillors/all/,2022-05-25
323,"South Lanarkshire",S1,,64,NOC,LAB/LD/IND,7,24,3,1,0,0,27,0,0,0,0,0,0,0,2,0,,S30000025,2016,2030,https://southlanarkshire.cmis.uk.com/southlanarkshire/Councillors.aspx,2022-05-24
324,Stirling,S1,,23,NOC,LAB/CON,7,6,0,1,0,0,8,0,0,0,0,0,0,0,1,0,,S30000011,2016,2030,https://my.stirling.gov.uk/council-democracy/politicians-elections-democracy/your-councillors/,2022-03-27
325,"West Dunbartonshire",S1,,22,LAB,LAB,0,12,0,0,0,0,9,0,0,0,0,0,0,0,1,0,,S30000014,2016,2030,http://www.west-dunbarton.gov.uk/council/councillors-and-committees/councillor/councillors-by-name/,2021-03-30
326,"West Lothian",S1,,33,NOC,"LAB min",4,12,1,0,0,0,15,0,0,0,0,0,0,0,1,0,,S30000012,2016,2030,https://www.westlothian.gov.uk/councillors,2022-03-30
327,"Bath and North East Somerset",U1,,59,LD,LD,10,5,35,1,0,0,0,0,0,0,0,0,0,0,8,0,,E06000022,2016,2030,https://democracy.bathnes.gov.uk/mgMemberIndex.aspx?FN=PARTY&VW=LIST&PIC=0,2022-01-09
328,Bedford,U1,,40,NOC,"LD Mayor",12,11,14,2,0,0,0,0,0,0,0,0,0,0,1,0,,E06000055,2016,2030,http://www.councillorsupport.bedford.gov.uk/mgFindMember.aspx?XXR=0&AC=USERSEARCH&sPC=Enter%20postcode&,2021-11-01
329,Blackpool,U1,,42,NOC,"LAB min",16,20,0,0,0,0,0,0,0,0,0,0,0,0,6,0,,E06000009,2016,2030,http://democracy.blackpool.gov.uk/mgMemberIndex.aspx?FN=ALPHA&VW=LIST&PIC=0,2022-04-07
409,"Bournemouth, Christchurch and Poole",U1,,76,CON,CON,37,3,13,2,1,0,0,0,0,0,0,0,0,0,20,0,,,2019,2030,https://democracy.bcpcouncil.gov.uk/mgMemberIndex.aspx?bcr=1,2022-06-04
331,"Bracknell Forest",U1,,42,CON,CON,37,4,1,0,0,0,0,0,0,0,0,0,0,0,0,0,,E06000036,2016,2030,http://democratic.bracknell-forest.gov.uk/mgMemberIndex.aspx?FN=PARTY&VW=LIST&PIC=0,2021-12-17
332,"Brighton and Hove",U1,,54,NOC,"GRN min",12,16,0,20,0,0,0,0,0,0,0,0,0,0,6,0,,E06000043,2016,2030,http://present.brighton-hove.gov.uk/mgMemberIndex.aspx?FN=PARTY&VW=LIST&PIC=0,2022-05-25
366,Bristol,U1,,70,NOC,"LAB Mayor",14,24,6,24,0,0,0,0,0,0,0,0,0,0,2,0,,E06000023,2016,2030,https://democracy.bristol.gov.uk/mgFindMember.aspx?XXR=0&AC=USERSEARCH,2022-02-18
333,"Central Bedfordshire",U1,,59,CON,CON,40,1,3,0,0,0,0,0,0,0,0,0,0,0,15,0,,E06000056,2016,2030,http://centralbeds.moderngov.co.uk/mgMemberIndex.aspx?bcr=1,2021-12-22
334,"Cheshire East",U1,,82,NOC,LAB/IND,30,25,4,0,0,0,0,0,0,0,0,0,0,0,23,0,,E06000049,2016,2030,http://moderngov.cheshireeast.gov.uk/ecminutes/mgMemberIndex.aspx?FN=PARTY&VW=LIST&PIC=0,2022-01-25
335,"Cheshire West and Chester",U1,,70,NOC,"LAB min",29,33,2,1,0,0,0,0,0,0,0,0,0,0,5,0,,E06000050,2016,2030,http://cmttpublic.cheshirewestandchester.gov.uk/mgMemberIndex.aspx?FN=PARTY&VW=LIST&PIC=0,2022-06-22
336,Cornwall,U1,LC,87,CON,CON,47,5,12,1,0,0,0,0,0,0,0,0,0,0,22,0,,E06000052,2016,2030,https://democracy.cornwall.gov.uk/mgMemberIndex.aspx?FN=PARTY&VW=LIST&PIC=0,2022-01-13
337,Darlington,U1,,50,NOC,"CON min",24,16,3,2,0,0,0,0,0,0,0,0,0,0,5,0,,E06000005,2016,2030,https://democracy.darlington.gov.uk//mgMemberIndex.aspx?bcr=1,2021-07-08
408,Dorset,U1,,82,CON,CON,43,1,28,5,0,0,0,0,0,0,0,0,0,0,5,0,,,2019,2030,https://moderngov.dorsetcouncil.gov.uk/mgMemberIndex.aspx?bcr=1,2022-06-01
338,Durham,U1,LC,126,NOC,IND/CON/LD,23,55,17,1,0,0,0,0,0,0,0,0,0,0,30,0,,E06000047,2016,2030,https://democracy.durham.gov.uk/mgMemberIndex.aspx?FN=PARTY&VW=LIST&PIC=0,2022-05-01
339,"East Riding of Yorkshire",U1,,67,CON,CON,43,0,11,0,0,0,0,0,0,0,0,0,0,0,11,2,,E06000011,2016,2030,http://www2.eastriding.gov.uk/council/councillors-and-members-of-parliament/councillor-finder/,2022-06-08
340,Herefordshire,U1,,53,NOC,IND/GRN,14,0,7,7,0,0,0,0,0,0,0,0,0,0,25,0,,E06000019,2016,2030,http://councillors.herefordshire.gov.uk/mgMemberIndex.aspx?FN=PARTY&VW=LIST&PIC=0&J=2&zTS=undefined,2022-03-27
342,"Isle of Wight",U1,LC,39,NOC,IND/GRN,18,1,1,2,0,0,0,0,0,0,0,0,0,0,17,0,,E06000046,2016,2030,https://www.iwight.com/councillor/azCouncillors.aspx,2021-03-11
343,Leicester,U1,,54,LAB,"LAB Mayor",1,51,1,0,0,0,0,0,0,0,0,0,0,0,1,0,,E06000016,2016,2030,http://www.cabinet.leicester.gov.uk/mgMemberIndex.aspx?FN=ALPHA&VW=LIST&PIC=0,2022-02-04
344,Luton,U1,,48,LAB,LAB,2,30,14,0,0,0,0,0,0,0,0,0,0,0,1,1,,E06000032,2016,2030,http://democracy.luton.gov.uk/cmis5public/Councillors.aspx,2022-06-22
345,Medway,U1,,55,CON,CON,32,21,0,0,0,0,0,0,0,0,0,0,0,0,2,0,,E06000035,2016,2030,https://democracy.medway.gov.uk/mgMemberIndex.aspx?FN=PARTY&VW=LIST&PIC=0,2021-12-17
346,Middlesbrough,U1,,46,NOC,"IND Mayor",3,20,0,0,0,0,0,0,0,0,0,0,0,0,22,1,,E06000002,2016,2030,https://www.middlesbrough.gov.uk/mayor-council-and-councillors/councillors-and-council-meetings/councillors,2022-05-25
347,"North Lincolnshire",U1,,43,CON,CON,28,14,0,0,0,0,0,0,0,0,0,0,0,0,1,0,,E06000013,2016,2030,http://www.northlincs.gov.uk/your-council/have-your-say/councillors-and-mps/councillors/,2021-06-11
348,"North Somerset",U1,,50,NOC,IND/LD/LAB/GRN,13,6,10,4,0,0,0,0,0,0,0,0,0,0,17,0,,E06000024,2016,2030,http://www.n-somerset.gov.uk/my-council/councillors/councillor/find-your-councillors/list-of-councillors/,2021-07-30
349,Northumberland,U1,LC,67,NOC,"CON min",33,20,4,2,0,0,0,0,0,0,0,0,0,0,8,0,,E07000154,2016,2030,http://committee.northumberland.gov.uk/CouncillorSearch.aspx,2022-03-27
350,Nottingham,U1,,55,LAB,LAB,2,50,0,0,0,0,0,0,0,0,0,0,0,0,3,0,,E06000018,2016,2030,http://www.nottinghamcity.gov.uk/about-the-council/councillors-and-leadership/find-a-councillor/,2021-10-17
352,"Redcar and Cleveland",U1,,59,NOC,IND/LD,6,14,14,0,0,0,0,0,0,0,0,0,0,0,25,0,,E06000003,2016,2030,https://www.redcar-cleveland.gov.uk/about-the-council/councillors/Pages/Your-Councillor.aspx?search=Name,2022-01-13
353,Rutland,U1,,27,NOC,CON/IND/GRN,6,1,6,1,0,0,0,0,0,0,0,0,0,0,13,0,,E06000017,2016,2030,http://rutlandcounty.moderngov.co.uk/mgMemberIndex.aspx?FN=PARTY&VW=LIST&PIC=0,2022-06-22
354,Shropshire,U1,LC,74,CON,CON,42,9,13,4,0,0,0,0,0,0,0,0,0,0,5,1,,E06000051,2016,2030,http://shropshire.gov.uk/committee-services/mgMemberIndex.aspx?FN=PARTY,2022-05-25
355,"South Gloucestershire",U1,CO,61,CON,CON,33,11,17,0,0,0,0,0,0,0,0,0,0,0,0,0,,E06000025,2016,2030,https://council.southglos.gov.uk/mgMemberIndex.aspx?FN=PARTY&VW=LIST&PIC=0,2022-01-24
356,Stockton-on-Tees,U1,,56,NOC,"LAB min",16,24,1,0,0,0,0,0,0,0,0,0,0,0,15,0,,E06000004,2016,2030,http://www.egenda.stockton.gov.uk/aksstockton/users/public/admin/main.pl?op=ListCurrentMembers,2021-06-11
357,Stoke-on-Trent,U1,,44,NOC,"CON min",22,13,0,0,0,0,0,0,0,0,0,0,0,0,9,0,,E06000021,2016,2030,http://www.moderngov.stoke.gov.uk/mgMemberIndex.aspx?FN=PARTY&VW=LIST&PIC=0,2022-01-24
358,"Telford and Wrekin",U1,,54,LAB,LAB,14,35,4,0,0,0,0,0,0,0,0,0,0,0,1,0,,E06000020,2016,2030,https://democracy.telford.gov.uk/mgMemberIndex.aspx?bcr=1,2022-04-08
359,Torbay,U1,,36,NOC,LD/IND,14,0,12,0,0,0,0,0,0,0,0,0,0,0,10,0,,E06000027,2016,2030,http://www.torbay.gov.uk/DemocraticServices/mgMemberIndex.aspx?FN=PARTY&VW=LIST&PIC=0,2021-06-12
360,Warrington,U1,LC,58,LAB,LAB,10,36,8,0,0,0,0,0,0,0,0,0,0,0,4,0,,E06000007,2016,2030,https://cmis.warrington.gov.uk/cmis5/Councillors.aspx,2022-06-22
361,"West Berkshire",U1,,43,CON,CON,24,0,16,3,0,0,0,0,0,0,0,0,0,0,0,0,,E06000037,2016,2030,http://decisionmaking.westberks.gov.uk/mgMemberIndex.aspx?VW=TABLE&PIC=1&FN=ALPHA,2021-12-17
362,Wiltshire,U1,,98,CON,CON,61,3,27,0,0,0,0,0,0,0,0,0,0,0,7,0,,E06000054,2016,2030,http://cms.wiltshire.gov.uk/mgMemberIndex.aspx?FN=PARTY&VW=LIST&PIC=0,2021-02-24
363,"Windsor and Maidenhead",U1,,41,CON,CON,22,0,10,0,0,0,0,0,0,0,0,0,0,0,9,0,,E06000040,2016,2030,http://rbwm.moderngov.co.uk/mgMemberIndex.aspx?FN=PARTY&VW=LIST&PIC=0,2022-02-18
364,York,U1,,47,NOC,LD/GRN,2,17,21,3,0,0,0,0,0,0,0,0,0,0,4,0,,E06000014,2016,2030,http://democracy.york.gov.uk/mgMemberIndex.aspx,2020-10-15
365,"Blackburn with Darwen",U3,,51,LAB,LAB,13,36,1,0,0,0,0,0,0,0,0,0,0,0,1,0,,E06000008,2016,2030,https://democracy.blackburn.gov.uk/mgFindMember.aspx?XXR=0&AC=USERSEARCH,2022-05-24
367,Derby,U3,,51,NOC,"CON min",18,16,8,0,0,0,0,0,0,0,0,0,0,0,9,0,,E06000015,2016,2030,https://cmis.derby.gov.uk/cmis5/Councillors/tabid/62/ScreenMode/Alphabetical/Default.aspx,2022-01-25
368,Halton,U3,,54,LAB,LAB,3,48,3,0,0,0,0,0,0,0,0,0,0,0,0,0,,E06000006,2016,2030,http://councillors.halton.gov.uk/mgMemberIndex.aspx?FN=ALPHA&VW=LIST&PIC=0,2022-01-24
369,Hartlepool,U3,,36,NOC,CON/IND,14,12,0,0,0,0,0,0,0,0,0,0,0,0,10,0,,E06000001,2016,2030,https://www.hartlepool.gov.uk/councillors/name,2022-06-22
341,"Kingston upon Hull",U3,,57,LD,LD,0,27,29,0,0,0,0,0,0,0,0,0,0,0,1,0,,E06000010,2016,2030,https://cmis.hullcc.gov.uk/cmis/CouncillorsandSeniorOfficers/CouncillorsandSeniorOfficers.aspx,2022-03-04
370,"Milton Keynes",U3,,57,NOC,LAB/LD,23,19,14,0,0,0,0,0,0,0,0,0,0,0,0,1,,E06000042,2016,2030,http://milton-keynes.cmis.uk.com/milton-keynes/Councillors.aspx,2022-06-01
371,"North East Lincolnshire",U3,,42,CON,CON,30,8,3,0,0,0,0,0,0,0,0,0,0,0,1,0,,E06000012,2016,2030,https://www.nelincs.gov.uk/your-council/councillors-mps-and-meps/find-your-councillor/councillors-by-party/,2022-05-24
372,Peterborough,U3,,60,NOC,"CON min",28,17,8,2,0,0,0,0,0,0,0,0,0,0,5,0,,E06000031,2016,2030,http://democracy.peterborough.gov.uk/mgMemberIndex.aspx?FN=PARTY&VW=LIST&PIC=0,2022-06-22
373,Plymouth,U3,,57,CON,CON,29,24,0,2,0,0,0,0,0,0,0,0,0,0,2,0,,E06000026,2016,2030,https://democracy.plymouth.gov.uk/mgMemberIndex.aspx?FN=WARD&VW=LIST&PIC=0,2022-05-25
374,Portsmouth,U3,,42,NOC,"LD min",13,9,17,0,0,0,0,0,0,0,0,0,0,0,3,0,,E06000044,2016,2030,http://democracy.portsmouth.gov.uk/mgMemberIndex.aspx?FN=PARTY&VW=LIST&PIC=0,2021-07-01
375,Reading,U3,,48,LAB,LAB,6,32,3,7,0,0,0,0,0,0,0,0,0,0,0,0,,E06000038,2016,2030,http://www.reading.gov.uk/cllrdavidabsolom,2022-01-30
376,Slough,U3,,42,LAB,LAB,6,35,0,0,0,0,0,0,0,0,0,0,0,0,1,0,,E06000039,2016,2030,http://democracy.slough.gov.uk/mgMemberIndex.aspx?FN=WARD&VW=LIST&PIC=0,2021-12-03
377,Southampton,U3,,48,LAB,LAB,21,26,1,0,0,0,0,0,0,0,0,0,0,0,0,0,,E06000045,2016,2030,http://www.southampton.gov.uk/modernGov/mgMemberIndex.aspx?bcr=1,2022-05-24
378,Southend-on-Sea,U3,,51,NOC,LAB/IND/LD,21,16,6,0,0,0,0,0,0,0,0,0,0,0,8,0,,E06000033,2016,2030,http://democracy.southend.gov.uk/mgMemberIndex.aspx?FN=PARTY&VW=LIST&PIC=0,2022-05-24
379,Swindon,U3,,57,CON,CON,34,23,0,0,0,0,0,0,0,0,0,0,0,0,0,0,,E06000030,2016,2030,http://ww5.swindon.gov.uk/moderngov/mgMemberIndex.aspx?FN=PARTY&VW=LIST&PIC=0&J=2,2022-05-25
380,Thurrock,U3,,49,CON,CON,30,14,0,0,0,0,0,0,0,0,0,0,0,0,5,0,,E06000034,2016,2030,https://www.thurrock.gov.uk/current-councillors,2022-05-24
381,Wokingham,U3,,54,NOC,LD/LAB/IND,26,3,23,0,0,0,0,0,0,0,0,0,0,0,2,0,,E06000041,2016,2030,http://wokingham.moderngov.co.uk/mgMemberIndex.aspx?FN=PARTY&VW=LIST&PIC=0,2022-06-01
382,"Blaenau Gwent",W1,,33,LAB,LAB,0,22,0,0,0,0,0,0,0,0,0,0,0,0,11,0,,W06000019,2016,2030,https://www.blaenau-gwent.gov.uk/en/council/councillors-and-committees/councillor-directory/,2022-06-01
383,Bridgend,W1,,51,LAB,LAB,1,26,0,0,0,2,0,0,0,0,0,0,0,0,21,1,,W06000013,2016,2030,https://democratic.bridgend.gov.uk/mgMemberIndex.aspx?FN=ALPHA&VW=TABLE&PIC=1,2022-05-25
384,Caerphilly,W1,,69,LAB,LAB,0,45,0,0,0,18,0,0,0,0,0,0,0,0,6,0,,W06000018,2016,2030,http://www.democracy.caerphilly.gov.uk/mgMemberIndex.aspx?VW=TABLE&PIC=1&FN=,2021-08-05
385,Cardiff,W1,,79,LAB,LAB,11,54,10,2,0,0,0,0,0,0,0,0,0,0,2,0,,W06000015,2016,2030,http://cardiff.moderngov.co.uk/mgMemberIndex.aspx?FN=PARTY&VW=LIST&PIC=0,2022-06-08
386,Carmarthenshire,W1,,75,PC,PC,0,23,0,0,0,38,0,0,0,0,0,0,0,0,14,0,,W06000010,2016,2030,http://democracy.carmarthenshire.gov.wales/mgMemberIndex.aspx?FN=PARTY&VW=LIST&PIC=0,2022-02-13
387,Ceredigion,W1,,38,PC,PC,0,0,7,0,0,20,0,0,0,0,0,0,0,0,10,1,,W06000008,2016,2030,https://www.ceredigion.gov.uk/your-council/councillors-committees/councillors/,2022-06-01
388,Conwy,W1,,55,NOC,IND/LAB/PC,10,11,4,1,0,7,0,0,0,0,0,0,0,0,22,0,,W06000003,2016,2030,http://modgoveng.conwy.gov.uk/mgMemberIndex.aspx?FN=WARD&VW=LIST&PIC=0,2022-05-24
389,Denbighshire,W1,,48,NOC,LAB/PC,6,19,1,2,0,8,0,0,0,0,0,0,0,0,12,0,,W06000004,2016,2030,https://moderngov.denbighshire.gov.uk/mgMemberIndex.aspx?FN=PARTY&VW=LIST&PIC=0&LLL=0,2022-01-24
390,Flintshire,W1,,67,NOC,"LAB min",2,31,4,0,0,0,0,0,0,0,0,0,0,0,30,0,,W06000005,2016,2030,http://cyfarfodyddpwyllgor.siryfflint.gov.uk/mgMemberIndex.aspx?FN=GROUPING&VW=LIST&PIC=0&LLL=1,2022-05-24
391,Gwynedd,W1,,69,PC,PC,0,1,1,0,0,44,0,0,0,0,0,0,0,0,23,0,,W06000002,2016,2030,https://democracy.cyngor.gwynedd.gov.uk/mgMemberIndex.aspx?FN=PARTY&VW=LIST&PIC=0,2022-03-04
392,"Isle of Anglesey",W1,,35,PC,PC,0,3,1,0,0,21,0,0,0,0,0,0,0,0,10,0,,W06000001,2016,2030,http://democracy.anglesey.gov.uk/mgMemberIndex.aspx?FN=PARTY&VW=LIST&PIC=0&LLL=0,2022-01-24
393,"Merthyr Tydfil",W1,,30,NOC,"IND min",0,15,0,0,0,0,0,0,0,0,0,0,0,0,15,0,,W06000024,2016,2030,http://democracy.merthyr.gov.uk/mgMemberIndex.aspx?VW=TABLE&PIC=1&FN=PARTY,2022-01-24
394,Monmouthshire,W1,,46,NOC,"LAB min",18,22,0,1,0,0,0,0,0,0,0,0,0,0,5,0,,W06000021,2016,2030,https://democracy.monmouthshire.gov.uk/mgMemberIndex.aspx?bcr=1,2022-05-24
395,"Neath Port Talbot",W1,,60,NOC,IND/PC,0,25,2,1,0,12,0,0,0,0,0,0,0,0,18,2,,W06000012,2016,2030,https://democracy.npt.gov.uk/mgMemberIndex.aspx?VW=TABLE&PIC=1&FN=PARTY,2022-05-25
396,Newport,W1,,51,LAB,LAB,7,35,1,1,0,0,0,0,0,0,0,0,0,0,7,0,,W06000022,2016,2030,https://democracy.newport.gov.uk/mgMemberIndex.aspx?FN=WARD&VW=LIST&PIC=0&LLL=0,2022-01-25
397,Pembrokeshire,W1,,60,NOC,IND/LAB/LD,11,10,2,0,0,2,0,0,0,0,0,0,0,0,35,0,,W06000009,2016,2030,http://mgenglish.pembrokeshire.gov.uk/mgMemberIndex.aspx?bcr=1,2022-04-07
398,Powys,W1,,68,NOC,LD/LAB,14,9,23,0,0,3,0,0,0,0,0,0,0,0,19,0,,W06000023,2016,2030,http://powys.moderngov.co.uk/mgMemberIndex.aspx?FN=PARTY&VW=LIST&PIC=0,2022-05-24
399,"Rhondda Cynon Taf",W1,,75,LAB,LAB,2,59,0,0,0,8,0,0,0,0,0,0,0,0,6,0,,W06000016,2016,2030,http://www.rctcbc.gov.uk/EN/Council/CouncillorsCommitteesandMeetings/Councillors/Councillors.aspx?CouncillorsListing_DisplayMode=Party,2022-02-13
400,Swansea,W1,,75,LAB,LAB,7,45,11,1,0,0,0,0,0,0,0,0,0,0,11,0,,W06000011,2016,2030,http://democracy.swansea.gov.uk/mgMemberIndex.aspx?bcr=1&LLL=0?Lang=eng,2022-01-24
401,Torfaen,W1,,40,LAB,LAB,0,30,0,0,0,0,0,0,0,0,0,0,0,0,10,0,,W06000020,2016,2030,http://moderngov.torfaen.gov.uk/mgMemberIndex.aspx?bcr=1,2021-06-12
402,"Vale of Glamorgan",W1,,54,NOC,LAB/IND,13,25,0,0,0,8,0,0,0,0,0,0,0,0,8,0,,W06000014,2016,2030,https://www.valeofglamorgan.gov.uk/en/our_council/Council-Structure/councillors/Councillors.aspx,2021-06-18
403,Wrexham,W1,,56,NOC,IND/CON,9,14,1,0,0,9,0,0,0,0,0,0,0,0,23,0,,W06000006,2016,2030,https://moderngov.wrexham.gov.uk/mgMemberIndex.aspx?FN=WARD&VW=LIST&PIC=0&LLL=0,2022-05-25
